Workbook

Sheet TotalDiagnosedPLHIV
A1: city | B1: year | C1: W | D1: B | E1: H | F1: notes
A2: NYC1 | B2: 2016 | C2: 19895 | D2: 32810 | E2: 32614 | F2: aggregate of bronx, king, newyork, queens, richmond
A3: NYC1 | B3: 2017 | C3: 19638 | D3: 32717 | E3: 32534 | F3: population included is 15-64
A4: NYC1 | B4: 2018 | C4: 19299 | D4: 32596 | E4: 32239 | F4: white = total - black - hispanic
A5: NYC1 | B5: 2019 | C5: 18866 | D5: 32335 | E5: 31839
A6: NYC1 | B6: 2020 | C6: 18244 | D6: 31535 | E6: 30940
A7: NYC1 | B7: 2021 | C7: 17661 | D7: 30797 | E7: 30333 | F7: data transformed from raw atlas plus data
A8: NYC1 | B8: 2022 | C8: 17146 | D8: 30221 | E8: 30035
A9: MIA1 | B9: 2016 | C9: 2736.6313 | D9: 9760.0514 | E9: 10479.317
A10: MIA1 | B10: 2017 | C10: 2657 | D10: 9620 | E10: 10685 | F10: population included is 15-64
A11: MIA1 | B11: 2018 | C11: 2657.7876 | D11: 9426.1814 | E11: 10886.031 | F11: white = total - black - hispanic
A12: MIA1 | B12: 2019 | C12: 2578.8297 | D12: 9215.307 | E12: 11066.863
A13: MIA1 | B13: 2020 | C13: 2557.3735 | D13: 8917.4502 | E13: 11177.176
A14: MIA1 | B14: 2021 | C14: 2544.3523 | D14: 8782.6899 | E14: 11476.958
A15: MIA1 | B15: 2022 | C15: 2489.023 | D15: 8613.1656 | E15: 12093.811
A16: MAR | B16: 2016 | C16: 5505.5328 | D16: 1349.8337 | E16: 2822.6336
A17: MAR | B17: 2017 | C17: 5555.4518 | D17: 1409.9098 | E17: 2945.6384
A18: MAR | B18: 2018 | C18: 5623.7002 | D18: 1508.7752 | E18: 3096.5246
A19: MAR | B19: 2019 | C19: 5702.4267 | D19: 1578.6737 | E19: 3228.8995
A20: MAR | B20: 2020 | C20: 5773.9669 | D20: 1639.455 | E20: 3316.5781
A21: MAR | B21: 2021 | C21: 5778.6678 | D21: 1714.3351 | E21: 3433.9971
A22: MAR | B22: 2022 | C22: 5740.0771 | D22: 1785.7042 | E22: 3587.2188
A23: SFA | B23: 2016 | C23: 9265.2296 | D23: 3151.0647 | E23: 3552.7057
... A141: CLA | B141: 2022 | C141: 3686.3297 | D141: 2526.5755 | E141: 2698.0947
A142: NYC | B142: 2016 | C142: 19894.743 | D142: 32810.025 | E142: 32614.232 | F142: aggregate of bronx, king, newyork, queens, richmond
A143: NYC | B143: 2017 | C143: 19637.744 | D143: 32717.344 | E143: 32533.912 | F143: population included is 15-64
A144: NYC | B144: 2018 | C144: 19299.252 | D144: 32596.356 | E144: 32239.392 | F144: white = total - black - hispanic
A145: NYC | B145: 2019 | C145: 18865.849 | D145: 32335.177 | E145: 31838.974
A146: NYC | B146: 2020 | C146: 18244.482 | D146: 31535.467 | E146: 30940.051
A147: NYC | B147: 2021 | C147: 17660.613 | D147: 30796.62 | E147: 30332.767 | F147: data transformed from raw atlas plus data
A148: NYC | B148: 2022 | C148: 17145.992 | D148: 30220.838 | E148: 30035.17
A149: NJE | B149: 2016 | C149: 2237.1313 | D149: 6272.8982 | E149: 3532.9706
A150: NJE | B150: 2017 | C150: 2207.5882 | D150: 6212.7461 | E150: 3554.6657
A151: NJE | B151: 2018 | C151: 2165.6405 | D151: 6111.9379 | E151: 3527.4216
A152: NJE | B152: 2019 | C152: 2108.2525 | D152: 5967.8452 | E152: 3512.9023
A153: NJE | B153: 2020 | C153: 2033.8826 | D153: 5807.259 | E153: 3458.8585
A154: NJE | B154: 2021 | C154: 2031.0121 | D154: 5613.5032 | E154: 3451.4847
A155: NJE | B155: 2022 | C155: 1804.5468 | D155: 5613.3405 | E155: 3489.1127
A156: MEC | B156: 2016 | C156: 1305.1513 | D156: 3381.8718 | E156: 424.97691
A157: MEC | B157: 2017 | C157: 1298.9279 | D157: 3501.2949 | E157: 465.77718
A158: MEC | B158: 2018 | C158: 1307.5413 | D158: 3595.2736 | E158: 502.18513
A159: MEC | B159: 2019 | C159: 1313.5493 | D159: 3680.8755 | E159: 541.57519
... A239: DCM | B239: 2022 | C239: 4280.443 | D239: 15220.475 | E239: 2390.0823

Sheet NewDiagnoses
A1: city | B1: year | C1: M/HET | D1: F/HET | E1: 15-34/MSM | F1: 35-64/MSM | G1: 15-34/MWID | H1: 35-64/MWID | I1: PWID | J1: W | K1: B | L1: H | M1: notes
A2: NYC1 | B2: 2016 | C2: 173.82995 | D2: 346.86251 | E2: 735.49188 | F2: 612.46896 | G2: 29.7383 | H2: 24.764088 | I2: 114.84432 | J2: 461.32378 | K2: 815.5893 | L2: 761.08691 | M2: aggregate of bronx, king, newyork, queens, richmond
A3: NYC1 | B3: 2017 | C3: 165.96193 | D3: 312.86603 | E3: 758.75459 | F3: 568.72781 | G3: 27.813585 | H3: 20.847794 | I3: 108.02826 | J3: 440.87209 | K3: 772.74269 | L3: 749.38523 | M3: population included is 15-64
A4: NYC1 | B4: 2018 | C4: 154.59558 | D4: 280.53443 | E4: 652.22102 | F4: 511.9935 | G4: 35.211268 | H4: 27.640845 | I4: 122.80336 | J4: 327.79794 | K4: 742.62189 | L4: 714.58017 | M4: white = total - black - hispanic
A5: NYC1 | B5: 2019 | C5: 140.16305 | D5: 245.28534 | E5: 649.84174 | F5: 485.19725 | G5: 24.396789 | H5: 18.215596 | I5: 125.90023 | J5: 287.6336 | K5: 725.37901 | L5: 675.98739 | M5: het = total - msm - pwid - mwid
A6: NYC1 | B6: 2020 | C6: 78.906397 | D6: 183.88621 | E6: 601.24572 | F6: 422.67214 | G6: 14.859685 | H6: 10.44627 | I6: 109.98357 | J6: 288.09856 | K6: 603.44969 | L6: 530.45175
A7: NYC1 | B7: 2021 | C7: 128.88232 | D7: 208.59566 | E7: 604.1372 | F7: 443.30887 | G7: 20.754946 | H7: 15.229738 | I7: 103.09126 | J7: 294.68539 | K7: 600.06892 | L7: 629.24569 | M7: sum of risk groups = sum of race groups
A8: NYC1 | B8: 2022 | C8: 152.269 | D8: 234.84273 | E8: 599.11359 | F8: 444.82682 | G8: 13.363128 | H8: 9.9217877 | I8: 108.66294 | J8: 260.9851 | K8: 662.64991 | L8: 639.36499
A9: MIA1 | B9: 2016 | C9: 117.8326 | D9: 203.69511 | E9: 394.21228 | F9: 387.33248 | G9: 7 | H9: 7 | I9: 19 | J9: 110.40409 | K9: 344.77067 | L9: 680.82523 | M9: PART of BMP
A10: MIA1 | B10: 2017 | C10: 113.67496 | D10: 189.75662 | E10: 345.17225 | F10: 315.90909 | G10: 5 | H10: 5 | I10: 19 | J10: 84.656459 | K10: 327.21148 | L10: 582.13206
A11: MIA1 | B11: 2018 | C11: 142.22944 | D11: 172.31644 | E11: 341.89499 | F11: 334.62062 | G11: 6 | H11: 6 | I11: 20 | J11: 121.94702 | K11: 324.22422 | L11: 576.82876
A12: MIA1 | B12: 2019 | C12: 115.88923 | D12: 171.11769 | E12: 308.273 | F12: 347.74283 | G12: 3 | H12: 3 | I12: 15 | J12: 82.95549 | K12: 275.56479 | L12: 605.47972
A13: MIA1 | B13: 2020 | C13: 72.120339 | D13: 101.86998 | E13: 241.3444 | F13: 262.36238 | G13: 2 | H13: 3 | I13: 12 | J13: 66.327801 | K13: 183.60304 | L13: 445.06916
A14: MIA1 | B14: 2021 | C14: 90.304234 | D14: 130.84899 | E14: 287.29839 | F14: 311.05991 | G14: 1 | H14: 1 | I14: 9 | J14: 74.675115 | K14: 263.27765 | L14: 493.04724
A15: MIA1 | B15: 2022 | C15: 120.16184 | D15: 146.44724 | E15: 338.99112 | F15: 359.77493 | G15: 1 | H15: 1 | I15: 8 | J15: 66.411649 | K15: 271.42152 | L15: 637.16683
A16: {=INDEX(notes!$P$2:$P$33, INT((ROW()-ROW($A$16))/COUNTA(A2:A8))+1)} -> MAR | B16: 2016 | C16: 26.28444 | D16: 49.87304 | E16: 197.18504 | F16: 165.05118 | G16: 12.755906 | H16: 10.677165 | I16: 34.173228 | J16: 209.92126 | K16: 101.54331 | L16: 184.53543 | S16: =SUM(E16:H16) -> 385.66929
A17: {=INDEX(notes!$P$2:$P$33, INT((ROW()-ROW($A$16))/COUNTA(A3:A9))+1)} -> MAR | B17: 2017 | C17: 19.548255 | D17: 48.870637 | E17: 198.61396 | F17: 158.14168 | G17: 16.868583 | H17: 13.431211 | I17: 20.525667 | J17: 192.55031 | K17: 89.921971 | L17: 193.52772
A18: {=INDEX(notes!$P$2:$P$33, INT((ROW()-ROW($A$16))/COUNTA(A4:A10))+1)} -> MAR | B18: 2018 | C18: 26.998035 | D18: 49.271414 | E18: 220.30361 | F18: 163.02467 | G18: 15.370019 | H18: 11.373814 | I18: 35.658444 | J18: 219.89374 | K18: 83.203036 | L18: 218.90323
A19: {=INDEX(notes!$P$2:$P$33, INT((ROW()-ROW($A$16))/COUNTA(A5:A11))+1)} -> MAR | B19: 2019 | C19: 20.628931 | D19: 47.704403 | E19: 214.95238 | F19: 142.33333 | G19: 18.793651 | H19: 12.444444 | I19: 35.142857 | J19: 203.04762 | K19: 92.738095 | L19: 196.21429
A20: {=INDEX(notes!$P$2:$P$33, INT((ROW()-ROW($A$16))/COUNTA(A6:A12))+1)} -> MAR | B20: 2020 | C20: 17.811825 | D20: 39.186015 | E20: 202.5162 | F20: 120.79914 | G20: 23.390929 | H20: 13.952484 | I20: 37.343413 | J20: 206.37149 | K20: 73.704104 | L20: 174.92441 | M20: population included is 15-64
A21: {=INDEX(notes!$P$2:$P$33, INT((ROW()-ROW($A$16))/COUNTA(A7:A13))+1)} -> MAR | B21: 2021 | C21: 23.878809 | D21: 46.987333 | E21: 215.43307 | F21: 158.58268 | G21: 20.409449 | H21: 15.023622 | I21: 19.685039 | J21: 196.85039 | K21: 86.614173 | L21: 216.53543 | M21: white = total - black - hispanic
A22: {=INDEX(notes!$P$2:$P$33, INT((ROW()-ROW($A$16))/COUNTA(A8:A14))+1)} -> MAR | B22: 2022 | C22: 23.404858 | D22: 57.448289 | E22: 223.01224 | F22: 192.09965 | G22: 19.59965 | H22: 16.882867 | I22: 31.552448 | J22: 201.14685 | K22: 122.26573 | L22: 240.58741 | M22: het = total - msm - pwid - mwid | S22: =SUM(E22:H22) -> 451.59441
A23: {=INDEX(notes!$P$2:$P$33, INT((ROW()-ROW($A$16))/COUNTA(A9:A15))+1)} -> SFA | B23: 2016 | C23: 24.054941 | D23: 55.399258 | E23: 194.65649 | F23: 173.18702 | G23: 20.763359 | H23: 18.473282 | I23: 27.465649 | J23: 237.38168 | K23: 121.63359 | L23: 154.98473
A24: {=INDEX(notes!$P$2:$P$33, INT((ROW()-ROW($A$16))/COUNTA(A10:A16))+1)} -> SFA | B24: 2017 | C24: 21.362637 | D24: 31.415643 | E24: 149.38914 | F24: 153.59729 | G24: 23.131222 | H24: 23.782805 | I24: 29.321267 | J24: 201.33937 | K24: 111.42081 | L24: 119.23982
A25: {=INDEX(notes!$P$2:$P$33, INT((ROW()-ROW($A$16))/COUNTA(A11:A17))+1)} -> SFA | B25: 2018 | C25: 25.57475 | D25: 31.812494 | E25: 160.48292 | F25: 140.07062 | G25: 19.735763 | H25: 17.225513 | I25: 32.09795 | J25: 152.70843 | K25: 106.99317 | L25: 167.29841
A26: {=INDEX(notes!$P$2:$P$33, INT((ROW()-ROW($A$16))/COUNTA(A12:A18))+1)} -> SFA | B26: 2019 | C26: 28.356566 | D26: 37.081663 | E26: 153.56643 | F26: 144.32401 | G26: 17.118881 | H26: 16.088578 | I26: 22.463869 | J26: 176.78089 | K26: 99.622378 | L26: 142.59674
A27: {=INDEX(notes!$P$2:$P$33, INT((ROW()-ROW($A$16))/COUNTA(A13:A19))+1)} -> SFA | B27: 2020 | C27: 16.057696 | D27: 23.789179 | E27: 126.69375 | F27: 99.753125 | G27: 10.875 | H27: 8.5625 | I27: 25.26875 | J27: 115.65313 | K27: 75.80625 | L27: 119.54063
A28: {=INDEX(notes!$P$2:$P$33, INT((ROW()-ROW($A$16))/COUNTA(A14:A20))+1)} -> SFA | B28: 2021 | C28: 18.766188 | D28: 40.312552 | E28: 111.05512 | F28: 138.8189 | G28: 16.356955 | H28: 20.446194 | I28: 23.244094 | J28: 143.33858 | K28: 86.19685 | L28: 139.46457
A29: {=INDEX(notes!$P$2:$P$33, INT((ROW()-ROW($A$16))/COUNTA(A15:A21))+1)} -> SFA | B29: 2022 | C29: 19.29857 | D29: 40.912968 | E29: 168.85817 | F29: 137.05529 | G29: 12.329327 | H29: 10.007212 | I29: 15.538462 | J29: 134.99038 | K29: 84.490385 | L29: 184.51923
A30: {=INDEX(notes!$P$2:$P$33, INT((ROW()-ROW($A$16))/COUNTA(A16:A22))+1)} -> LOR | B30: 2016 | C30: 80.583644 | D30: 190.7835 | E30: 1347.6964 | F30: 900.91464 | G30: 70.125 | H30: 46.8775 | I30: 116.01929 | J30: 836.71536 | K30: 492.59036 | L30: 1423.6943 | M30: los angeles, orange CA, riverside, san bernardino
A31: {=INDEX(notes!$P$2:$P$33, INT((ROW()-ROW($A$16))/COUNTA(A17:A23))+1)} -> LOR | B31: 2017 | C31: 79.434313 | D31: 166.31559 | E31: 1253.057 | F31: 861.37514 | G31: 58.254628 | H31: 40.045334 | I31: 143.51794 | J31: 871.92066 | K31: 418.75784 | L31: 1311.3215
A32: {=INDEX(notes!$P$2:$P$33, INT((ROW()-ROW($A$16))/COUNTA(A18:A24))+1)} -> LOR | B32: 2018 | C32: 90.529657 | D32: 180.41726 | E32: 1200.1893 | F32: 783.18111 | G32: 61.92623 | H32: 40.409836 | I32: 140.3466 | J32: 772.88095 | K32: 415.19204 | L32: 1308.927
A33: {=INDEX(notes!$P$2:$P$33, INT((ROW()-ROW($A$16))/COUNTA(A19:A25))+1)} -> LOR | B33: 2019 | C33: 89.220417 | D33: 191.18661 | E33: 1065.8364 | F33: 794.68884 | G33: 62.563636 | H33: 46.647521 | I33: 130.85661 | J33: 704.46116 | K33: 402.40868 | L33: 1274.1302
A34: {=INDEX(notes!$P$2:$P$33, INT((ROW()-ROW($A$16))/COUNTA(A20:A26))+1)} -> LOR | B34: 2020 | C34: 71.993644 | D34: 157.60771 | E34: 1029.6653 | F34: 686.97117 | G34: 63.877928 | H34: 42.618018 | I34: 116.26622 | J34: 618.45811 | K34: 350.7527 | L34: 1199.7892 | M34: population included is 15-64
A35: {=INDEX(notes!$P$2:$P$33, INT((ROW()-ROW($A$16))/COUNTA(A21:A27))+1)} -> LOR | B35: 2021 | C35: 94.057356 | D35: 164.29499 | E35: 1050.1946 | F35: 783.7156 | G35: 48.755034 | H35: 36.383809 | I35: 155.59857 | J35: 604.77936 | K35: 429.60864 | L35: 1298.612 | M35: white = total - black - hispanic
A36: {=INDEX(notes!$P$2:$P$33, INT((ROW()-ROW($A$16))/COUNTA(A22:A28))+1)} -> LOR | B36: 2022 | C36: 97.518754 | D36: 194.41637 | E36: 1020.8602 | F36: 842.05687 | G36: 63.670004 | H36: 52.518222 | I36: 166.95955 | J36: 571.17741 | K36: 385.6668 | L36: 1481.1558 | M36: het = total - msm - pwid - mwid
A37: {=INDEX(notes!$P$2:$P$33, INT((ROW()-ROW($A$16))/COUNTA(A23:A29))+1)} -> SAC | B37: 2016 | C37: 12.457439 | D37: 16.609919 | E37: 75.979275 | F37: 60.637306 | G37: 5.388601 | H37: 4.3005181 | I37: 11.626943 | J37: 83.326425 | K37: 44.569948 | L37: 59.103627
A38: {=INDEX(notes!$P$2:$P$33, INT((ROW()-ROW($A$16))/COUNTA(A24:A30))+1)} -> SAC | B38: 2017 | C38: 6.9078309 | D38: 20.03271 | E38: 70.637838 | F38: 56.367568 | G38: 7.4918919 | H38: 5.9783784 | I38: 10.583784 | J38: 73.124324 | K38: 44.259459 | L38: 60.616216
A39: {=INDEX(notes!$P$2:$P$33, INT((ROW()-ROW($A$16))/COUNTA(A25:A31))+1)} -> SAC | B39: 2018 | C39: 10.88764 | D39: 21.775281 | E39: 54.269663 | F39: 56.207865 | G39: 7.0786517 | H39: 7.3314607 | I39: 13.449438 | J39: 69.168539 | K39: 39.38764 | L39: 62.44382
A40: {=INDEX(notes!$P$2:$P$33, INT((ROW()-ROW($A$16))/COUNTA(A26:A32))+1)} -> SAC | B40: 2019 | C40: 8.1213969 | D40: 17.402993 | E40: 52.634146 | F40: 49.463415 | G40: 8.097561 | H40: 7.6097561 | I40: 17.670732 | J40: 71.664634 | K40: 33.378049 | L40: 55.957317
A41: {=INDEX(notes!$P$2:$P$33, INT((ROW()-ROW($A$16))/COUNTA(A27:A33))+1)} -> SAC | B41: 2020 | C41: 9.6770978 | D41: 18.144558 | E41: 50.318471 | F41: 49.044586 | G41: 5.5350318 | H41: 5.3949045 | I41: 17.88535 | J41: 62.598726 | K41: 50.675159 | L41: 42.726115
A42: {=INDEX(notes!$P$2:$P$33, INT((ROW()-ROW($A$16))/COUNTA(A28:A34))+1)} -> SAC | B42: 2021 | C42: 6.4650092 | D42: 10.1593 | E42: 65.149171 | F42: 65.889503 | G42: 5.3480663 | H42: 5.4088398 | I42: 18.58011 | J42: 81.165746 | K42: 47.917127 | L42: 47.917127
A43: {=INDEX(notes!$P$2:$P$33, INT((ROW()-ROW($A$16))/COUNTA(A29:A35))+1)} -> SAC | B43: 2022 | C43: 9.7444853 | D43: 16.411765 | E43: 54.901042 | F43: 68.130208 | G43: 6.0520833 | H43: 7.5104167 | I43: 23.25 | J43: 76.53125 | K43: 36.8125 | L43: 72.65625
A44: {=INDEX(notes!$P$2:$P$33, INT((ROW()-ROW($A$16))/COUNTA(A30:A36))+1)} -> SDI | B44: 2016 | C44: 47.858252 | D44: 47.858252 | E44: 207.37282 | F44: 151.07573 | G44: 16.951456 | H44: 12.349515 | I44: 19.533981 | J44: 206.0835 | K44: 53.718447 | L44: 243.19806
A45: {=INDEX(notes!$P$2:$P$33, INT((ROW()-ROW($A$16))/COUNTA(A31:A37))+1)} -> SDI | B45: 2017 | C45: 31.165372 | D45: 27.702553 | E45: 176.20283 | F45: 127.94811 | G45: 16.483491 | H45: 11.96934 | I45: 24.528302 | J45: 157.96226 | K45: 40.226415 | L45: 217.81132
A46: {=INDEX(notes!$P$2:$P$33, INT((ROW()-ROW($A$16))/COUNTA(A32:A38))+1)} -> SDI | B46: 2018 | C46: 19.926684 | D46: 32.139812 | E46: 160.2046 | F46: 119.41176 | G46: 11.048593 | H46: 8.2352941 | I46: 26.033248 | J46: 157.16368 | K46: 45.317136 | L46: 174.51918
A47: {=INDEX(notes!$P$2:$P$33, INT((ROW()-ROW($A$16))/COUNTA(A33:A39))+1)} -> SDI | B47: 2019 | C47: 12.295766 | D47: 34.945861 | E47: 166.5 | F47: 154.55024 | G47: 6 | H47: 5.569378 | I47: 23.138756 | J47: 132.08373 | K47: 41.456938 | L47: 229.45933
A48: {=INDEX(notes!$P$2:$P$33, INT((ROW()-ROW($A$16))/COUNTA(A34:A40))+1)} -> SDI | B48: 2020 | C48: 12.683673 | D48: 30.803207 | E48: 137.95918 | F48: 119.00875 | G48: 5.8367347 | H48: 5.0349854 | I48: 27.673469 | J48: 108.7172 | K48: 44.475219 | L48: 185.80758
... A50: {=INDEX(notes!$P$2:$P$33, INT((ROW()-ROW($A$16))/COUNTA(A36:A42))+1)} -> SDI | B50: 2022 | C50: 13.8875 | D50: 36.6125 | E50: 163.15686 | F50: 147.76471 | G50: 7.2745098 | H50: 6.5882353 | I50: 28.715686 | J50: 110.90196 | K50: 40.598039 | L50: 252.5
A51: {=INDEX(notes!$P$2:$P$33, INT((ROW()-ROW($A$16))/COUNTA(A37:A43))+1)} -> DUV | B51: 2016 | C51: 51.79845 | D51: 63.408447 | E51: 65.172414 | F51: 58.896552 | G51: 3.1034483 | H51: 2.8045977 | I51: 11.816092 | J51: 68.927203 | K51: 166.40996 | L51: 21.662835 | S51: =SUM(E51:H51) -> 129.97701
A52: {=INDEX(notes!$P$2:$P$33, INT((ROW()-ROW($A$16))/COUNTA(A38:A44))+1)} -> DUV | B52: 2017 | C52: 49.972072 | D52: 69.052318 | E52: 88.327526 | F52: 58.013937 | G52: 3.533101 | H52: 2.3205575 | I52: 8.7804878 | J52: 81.95122 | K52: 180.4878 | L52: 17.560976
A53: {=INDEX(notes!$P$2:$P$33, INT((ROW()-ROW($A$16))/COUNTA(A39:A45))+1)} -> DUV | B53: 2018 | C53: 52.706085 | D53: 57.172703 | E53: 84.484848 | F53: 48.939394 | G53: 3.1060606 | H53: 1.7992424 | I53: 10.791667 | J53: 68.674242 | K53: 170.70455 | L53: 19.621212
A54: {=INDEX(notes!$P$2:$P$33, INT((ROW()-ROW($A$16))/COUNTA(A40:A46))+1)} -> DUV | B54: 2019 | C54: 50.309353 | D54: 57.496403 | E54: 86.417266 | F54: 63.151079 | G54: 2.2446043 | H54: 1.6402878 | I54: 8.7410072 | J54: 93.23741 | K54: 152.48201 | L54: 24.280576
A55: {=INDEX(notes!$P$2:$P$33, INT((ROW()-ROW($A$16))/COUNTA(A41:A47))+1)} -> DUV | B55: 2020 | C55: 43.476662 | D55: 48.005481 | E55: 64.794643 | F55: 50.044643 | G55: 2.7455357 | H55: 2.1205357 | I55: 6.8125 | J55: 57.419643 | K55: 130.41071 | L55: 30.169643
A56: {=INDEX(notes!$P$2:$P$33, INT((ROW()-ROW($A$16))/COUNTA(A42:A48))+1)} -> DUV | B56: 2021 | C56: 58.346863 | D56: 58.346863 | E56: 74.346863 | F56: 62.125461 | G56: 2.6937269 | H56: 2.2509225 | I56: 9.8892989 | J56: 66.258303 | K56: 171.08487 | L56: 30.656827
A57: {=INDEX(notes!$P$2:$P$33, INT((ROW()-ROW($A$16))/COUNTA(A43:A49))+1)} -> DUV | B57: 2022 | C57: 62.651386 | D57: 54.35929 | E57: 84.309609 | F57: 60.978648 | G57: 2.8291815 | H57: 2.0462633 | I57: 6.8256228 | J57: 67.281139 | K57: 161.86477 | L57: 44.854093 | S57: =SUM(E57:H57) -> 150.1637
A58: {=INDEX(notes!$P$2:$P$33, INT((ROW()-ROW($A$16))/COUNTA(A44:A50))+1)} -> TAM | B58: 2016 | C58: 32.736721 | D58: 72.020785 | E58: 157.5127 | F58: 116.99076 | G58: 12.244804 | H58: 9.0946882 | I58: 19.399538 | J58: 152.28637 | K58: 173.62587 | L58: 94.08776
A59: {=INDEX(notes!$P$2:$P$33, INT((ROW()-ROW($A$16))/COUNTA(A45:A51))+1)} -> TAM | B59: 2017 | C59: 39.115545 | D59: 68.843359 | E59: 142.73288 | F59: 122.78767 | G59: 14.116438 | H59: 12.143836 | I59: 26.260274 | J59: 151.72603 | K59: 194.52055 | L59: 79.753425
A60: {=INDEX(notes!$P$2:$P$33, INT((ROW()-ROW($A$16))/COUNTA(A46:A52))+1)} -> TAM | B60: 2018 | C60: 53.518125 | D60: 45.761875 | E60: 160.92 | F60: 129.13333 | G60: 12.96 | H60: 10.4 | I60: 25.306667 | J60: 150.86667 | K60: 190.77333 | L60: 96.36
A61: {=INDEX(notes!$P$2:$P$33, INT((ROW()-ROW($A$16))/COUNTA(A47:A53))+1)} -> TAM | B61: 2019 | C61: 38.67033 | D61: 50.043956 | E61: 159.58095 | F61: 114.27619 | G61: 10.67619 | H61: 7.6452381 | I61: 24.107143 | J61: 157.17857 | K61: 173.57143 | L61: 74.25
A62: {=INDEX(notes!$P$2:$P$33, INT((ROW()-ROW($A$16))/COUNTA(A48:A54))+1)} -> TAM | B62: 2020 | C62: 38.146895 | D62: 56.05258 | E62: 131.71654 | F62: 107.1811 | G62: 7.496063 | H62: 6.0997375 | I62: 23.307087 | J62: 134.01575 | K62: 155.38058 | L62: 80.603675
A63: {=INDEX(notes!$P$2:$P$33, INT((ROW()-ROW($A$16))/COUNTA(A49:A55))+1)} -> TAM | B63: 2021 | C63: 29.805855 | D63: 60.375963 | E63: 142.36364 | F63: 110.72727 | G63: 9.2727273 | H63: 7.2121212 | I63: 24.242424 | J63: 127.0303 | K63: 160 | L63: 96.969697
A64: {=INDEX(notes!$P$2:$P$33, INT((ROW()-ROW($A$16))/COUNTA(A50:A56))+1)} -> TAM | B64: 2022 | C64: 51.087719 | D64: 51.087719 | E64: 142.10526 | F64: 105.47368 | G64: 8.4586466 | H64: 6.2781955 | I64: 27.508772 | J64: 128.70175 | K64: 144.42105 | L64: 118.87719
A65: {=INDEX(notes!$P$2:$P$33, INT((ROW()-ROW($A$16))/COUNTA(A51:A57))+1)} -> BMP | B65: 2016 | C65: 281.73435 | D65: 403.75942 | E65: 617.85954 | F65: 622.78763 | G65: 17.790508 | H65: 17.932407 | I65: 52.136146 | J65: 335.98849 | K65: 810.04123 | L65: 867.97028
A66: {=INDEX(notes!$P$2:$P$33, INT((ROW()-ROW($A$16))/COUNTA(A52:A58))+1)} -> BMP | B66: 2017 | C66: 266.54036 | D66: 366.93723 | E66: 595.34518 | F66: 551.63318 | G66: 16.440495 | H66: 15.233385 | I66: 50.87017 | J66: 306.18083 | K66: 750.57496 | L66: 806.2442
A67: {=INDEX(notes!$P$2:$P$33, INT((ROW()-ROW($A$16))/COUNTA(A53:A59))+1)} -> BMP | B67: 2018 | C67: 286.81236 | D67: 341.48597 | E67: 574.59451 | F67: 509.94507 | G67: 17.411955 | H67: 15.452881 | I67: 49.297254 | J67: 311.24933 | K67: 716.2601 | L67: 767.49058
A68: {=INDEX(notes!$P$2:$P$33, INT((ROW()-ROW($A$16))/COUNTA(A54:A60))+1)} -> BMP | B68: 2019 | C68: 263.00328 | D68: 342.4338 | E68: 458.87757 | F68: 522.5778 | G68: 13.797483 | H68: 15.712815 | I68: 47.597254 | J68: 249.40961 | K68: 620.66819 | L68: 793.9222
A69: {=INDEX(notes!$P$2:$P$33, INT((ROW()-ROW($A$16))/COUNTA(A55:A61))+1)} -> BMP | B69: 2020 | C69: 200.67838 | D69: 204.13836 | E69: 381.03167 | F69: 414.24661 | G69: 12.38009 | H69: 13.459276 | I69: 43.065611 | J69: 214.37104 | K69: 467.97964 | L69: 586.64932
... A92: {=INDEX(notes!$P$2:$P$33, INT((ROW()-ROW($A$16))/COUNTA(A78:A84))+1)} -> COO | B92: 2022 | C92: 63.960935 | D92: 134.22788 | E92: 371.54429 | F92: 238.79837 | G92: 11.404429 | H92: 7.3298368 | I92: 18.734266 | J92: 180.44056 | K92: 385.53147 | L92: 280.02797
A93: {=INDEX(notes!$P$2:$P$33, INT((ROW()-ROW($A$16))/COUNTA(A79:A85))+1)} -> MIN | B93: 2016 | C93: 24.296262 | D93: 35.094601 | E93: 71.269036 | F93: 44.543147 | G93: 8.5279188 | H93: 5.3299492 | I93: 5.9390863 | J93: 65.329949 | K93: 100.96447 | L93: 28.705584 | S93: =SUM(E93:H93) -> 129.67005
A94: {=INDEX(notes!$P$2:$P$33, INT((ROW()-ROW($A$16))/COUNTA(A80:A86))+1)} -> MIN | B94: 2017 | C94: 28.446176 | D94: 35.976046 | E94: 89.613333 | F94: 52.115556 | G94: 3.1333333 | H94: 1.8222222 | I94: 11.893333 | J94: 59.466667 | K94: 127.85333 | L94: 35.68
A95: {=INDEX(notes!$P$2:$P$33, INT((ROW()-ROW($A$16))/COUNTA(A81:A87))+1)} -> MIN | B95: 2018 | C95: 34.804792 | D95: 46.98647 | E95: 72.038835 | F95: 32.417476 | G95: 4.0776699 | H95: 1.8349515 | I95: 10.839806 | J95: 50.257282 | K95: 128.1068 | L95: 24.635922
A96: {=INDEX(notes!$P$2:$P$33, INT((ROW()-ROW($A$16))/COUNTA(A82:A88))+1)} -> MIN | B96: 2019 | C96: 26.965974 | D96: 40.014026 | E96: 67.85 | F96: 45.425 | G96: 4.72 | H96: 3.16 | I96: 8.865 | J96: 49.25 | K96: 115.245 | L96: 32.505
A97: {=INDEX(notes!$P$2:$P$33, INT((ROW()-ROW($A$16))/COUNTA(A83:A89))+1)} -> MIN | B97: 2020 | C97: 21.398192 | D97: 27.389686 | E97: 58.181818 | F97: 39.393939 | G97: 4.6545455 | H97: 3.1515152 | I97: 6.830303 | J97: 55.618182 | K97: 83.915152 | L97: 21.466667
A98: {=INDEX(notes!$P$2:$P$33, INT((ROW()-ROW($A$16))/COUNTA(A84:A90))+1)} -> MIN | B98: 2021 | C98: 18.410959 | D98: 37.589041 | E98: 94.666667 | F98: 47.333333 | G98: 4.6666667 | H98: 2.3333333 | I98: 17 | J98: 64 | K98: 123 | L98: 35
A99: {=INDEX(notes!$P$2:$P$33, INT((ROW()-ROW($A$16))/COUNTA(A85:A91))+1)} -> MIN | B99: 2022 | C99: 19.181102 | D99: 40.346457 | E99: 94.570866 | F99: 61.192913 | G99: 4.2165354 | H99: 2.7283465 | I99: 29.76378 | J99: 47.622047 | K99: 161.71654 | L99: 42.661417 | S99: =SUM(E99:H99) -> 162.70866
A100: {=INDEX(notes!$P$2:$P$33, INT((ROW()-ROW($A$16))/COUNTA(A86:A92))+1)} -> EBR | B100: 2016 | C100: 30.108848 | D100: 46.453652 | E100: 49.852273 | F100: 31.681818 | G100: 3.0397727 | H100: 1.9318182 | I100: 11.931818 | J100: 13.920455 | K100: 147.15909 | L100: 13.920455
A101: {=INDEX(notes!$P$2:$P$33, INT((ROW()-ROW($A$16))/COUNTA(A87:A93))+1)} -> EBR | B101: 2017 | C101: 19.747546 | D101: 35.904628 | E101: 60.136646 | F101: 33.279503 | G101: 3.1987578 | H101: 1.7701863 | I101: 5.9627329 | J101: 14.906832 | K101: 138.13665 | L101: 6.9565217
A102: {=INDEX(notes!$P$2:$P$33, INT((ROW()-ROW($A$16))/COUNTA(A88:A94))+1)} -> EBR | B102: 2018 | C102: 37.626575 | D102: 52.856379 | E102: 38.181818 | F102: 31.420455 | G102: 2.7272727 | H102: 2.2443182 | I102: 9.9431818 | J102: 16.903409 | K102: 151.13636 | L102: 6.9602273
A103: {=INDEX(notes!$P$2:$P$33, INT((ROW()-ROW($A$16))/COUNTA(A89:A95))+1)} -> EBR | B103: 2019 | C103: 27.433548 | D103: 35.149233 | E103: 43.509934 | F103: 29.006623 | G103: 2.9801325 | H103: 1.986755 | I103: 9.9337748 | J103: 16.887417 | K103: 127.15232 | L103: 5.9602649
A104: {=INDEX(notes!$P$2:$P$33, INT((ROW()-ROW($A$16))/COUNTA(A90:A96))+1)} -> EBR | B104: 2020 | C104: 18.748637 | D104: 26.900218 | E104: 43.816794 | F104: 25.648855 | G104: 3.129771 | H104: 1.8320611 | I104: 9.9236641 | J104: 22.824427 | K104: 101.22137 | L104: 5.9541985
A105: {=INDEX(notes!$P$2:$P$33, INT((ROW()-ROW($A$16))/COUNTA(A91:A97))+1)} -> EBR | B105: 2021 | C105: 15.966776 | D105: 24.748502 | E105: 54.388889 | F105: 33 | G105: 3.0902778 | H105: 1.875 | I105: 9.9305556 | J105: 13.902778 | K105: 117.18056 | L105: 11.916667
A106: {=INDEX(notes!$P$2:$P$33, INT((ROW()-ROW($A$16))/COUNTA(A92:A98))+1)} -> EBR | B106: 2022 | C106: 10.641622 | D106: 36.017798 | E106: 48.463768 | F106: 26.985507 | G106: 3.1884058 | H106: 1.7753623 | I106: 9.9275362 | J106: 28.789855 | K106: 95.304348 | L106: 12.905797
A107: {=INDEX(notes!$P$2:$P$33, INT((ROW()-ROW($A$16))/COUNTA(A93:A99))+1)} -> ORL | B107: 2016 | C107: 24.79741 | D107: 35.91349 | E107: 81.312796 | F107: 47.075829 | G107: 6.9336493 | H107: 4.014218 | I107: 9.9526066 | J107: 33.838863 | K107: 159.24171 | L107: 16.919431
A108: {=INDEX(notes!$P$2:$P$33, INT((ROW()-ROW($A$16))/COUNTA(A94:A100))+1)} -> ORL | B108: 2017 | C108: 17.671958 | D108: 30.042328 | E108: 72.559524 | F108: 32.809524 | G108: 5.4761905 | H108: 2.4761905 | I108: 5.9642857 | J108: 16.89881 | K108: 130.22024 | L108: 19.880952
A109: {=INDEX(notes!$P$2:$P$33, INT((ROW()-ROW($A$16))/COUNTA(A95:A101))+1)} -> ORL | B109: 2018 | C109: 17.566288 | D109: 35.132576 | E109: 67.482955 | F109: 38.909091 | G109: 3.7840909 | H109: 2.1818182 | I109: 9.9431818 | J109: 38.778409 | K109: 118.32386 | L109: 17.897727
A110: {=INDEX(notes!$P$2:$P$33, INT((ROW()-ROW($A$16))/COUNTA(A96:A102))+1)} -> ORL | B110: 2019 | C110: 19.177346 | D110: 17.579233 | E110: 59.368421 | F110: 34.013158 | G110: 7.5789474 | H110: 4.3421053 | I110: 8.9407895 | J110: 36.756579 | K110: 102.32237 | L110: 11.921053
A111: {=INDEX(notes!$P$2:$P$33, INT((ROW()-ROW($A$16))/COUNTA(A97:A103))+1)} -> ORL | B111: 2020 | C111: 5.4972955 | D111: 17.277214 | E111: 42 | F111: 25.333333 | G111: 3.0882353 | H111: 1.8627451 | I111: 5.9411765 | J111: 16.833333 | K111: 75.254902 | L111: 8.9117647
... A113: {=INDEX(notes!$P$2:$P$33, INT((ROW()-ROW($A$16))/COUNTA(A99:A105))+1)} -> ORL | B113: 2022 | C113: 10.229102 | D113: 17.535604 | E113: 41.142857 | F113: 30.252101 | G113: 5.1428571 | H113: 3.7815126 | I113: 9.9159664 | J113: 17.848739 | K113: 88.252101 | L113: 11.89916
A114: BAL | B114: 2016 | C114: 42.386983 | D114: 46.697524 | E114: 83.852113 | F114: 58.489437 | G114: 7.415493 | H114: 5.1725352 | I114: 30.985915 | J114: 36.795775 | K114: 213.02817 | L114: 25.176056
A115: BAL | B115: 2017 | C115: 31.83981 | D115: 38.352498 | E115: 69.384615 | F115: 57.538462 | G115: 2.6282051 | H115: 2.1794872 | I115: 23.076923 | J115: 39.423077 | K115: 177.88462 | L115: 7.6923077
A116: BAL | B116: 2018 | C116: 30.629389 | D116: 43.026999 | E116: 69.330396 | F116: 48.907489 | G116: 2.2731278 | H116: 1.6035242 | I116: 24.229075 | J116: 25.198238 | K116: 176.38767 | L116: 18.414097
A117: BAL | B117: 2019 | C117: 29.511813 | D117: 50.907877 | E117: 39.564767 | F117: 40.854922 | G117: 1 | H117: 1 | I117: 25.19171 | J117: 27.129534 | K117: 152.11917 | L117: 7.7512953
A118: BAL | B118: 2020 | C118: 44.455914 | D118: 22.227957 | E118: 53.741935 | F118: 29.612903 | G118: 0.63225806 | H118: 1 | I118: 0.98064516 | J118: 1.9612903 | K118: 141.2129 | L118: 8.8258065 | M118: population included is 15-64
A119: BAL | B119: 2021 | C119: 17.924812 | D119: 24.646617 | E119: 53.538961 | F119: 40.311688 | G119: 1 | H119: 1 | I119: 12.577922 | J119: 15.480519 | K119: 122.87662 | L119: 10.642857 | M119: white = total - black - hispanic
A120: BAL | B120: 2022 | C120: 33.159273 | D120: 20.480727 | E120: 57.026667 | F120: 36.346667 | G120: 0.60666667 | H120: 1 | I120: 0.99333333 | J120: 3.9733333 | K120: 128.14 | L120: 16.886667 | M120: het = total - msm - pwid - mwid
A121: {=INDEX(notes!$P$2:$P$33, INT((ROW()-ROW($A$16))/COUNTA(A107:A113))+1)} -> SUF | B121: 2016 | C121: 14.467742 | D121: 24.532258 | E121: 40.10625 | F121: 50.56875 | G121: 2.15625 | H121: 2.71875 | I121: 21.45 | J121: 52.65 | K121: 61.425 | L121: 41.925
A122: {=INDEX(notes!$P$2:$P$33, INT((ROW()-ROW($A$16))/COUNTA(A108:A114))+1)} -> SUF | B122: 2017 | C122: 13.010294 | D122: 20.363939 | E122: 50.411043 | F122: 46.766871 | G122: 2.5460123 | H122: 2.3619632 | I122: 24.539877 | J122: 41.226994 | K122: 50.06135 | L122: 68.711656
A123: {=INDEX(notes!$P$2:$P$33, INT((ROW()-ROW($A$16))/COUNTA(A109:A115))+1)} -> SUF | B123: 2018 | C123: 17.650794 | D123: 20.694034 | E123: 29.875862 | F123: 42.97931 | G123: 2.3586207 | H123: 3.3931034 | I123: 22.048276 | J123: 35.468966 | K123: 53.682759 | L123: 49.848276
A124: {=INDEX(notes!$P$2:$P$33, INT((ROW()-ROW($A$16))/COUNTA(A110:A116))+1)} -> SUF | B124: 2019 | C124: 18.541729 | D124: 17.345489 | E124: 34.210526 | F124: 28.834586 | G124: 4.2105263 | H124: 3.5488722 | I124: 22.308271 | J124: 28.12782 | K124: 53.345865 | L124: 47.526316
...

Sheet LateDiagnoses
B1: city | C1: year | D1: W | E1: B | F1: H | G1: notes
B2: NYC1 | C2: 2016 | G2: includes bronx, king, newyork, queens (assume richmond)
B3: NYC1 | C3: 2017 | D3: ='Multi-County LateDiagnoses'!C129 -> 0.15073727 | E3: ='Multi-County LateDiagnoses'!D129 -> 0.18168534 | F3: ='Multi-County LateDiagnoses'!E129 -> 0.16768941 | G3: assume it stays the same for 15-64
B4: NYC1 | C4: 2018 | D4: ='Multi-County LateDiagnoses'!C130 -> 0.17549389 | E4: ='Multi-County LateDiagnoses'!D130 -> 0.21243611 | F4: ='Multi-County LateDiagnoses'!E130 -> 0.18030611 | G4: assume NYC includes richmond county
B5: NYC1 | C5: 2019 | D5: ='Multi-County LateDiagnoses'!C131 -> 0.14478567 | E5: ='Multi-County LateDiagnoses'!D131 -> 0.17011664 | F5: ='Multi-County LateDiagnoses'!E131 -> 0.18705625
B6: NYC1 | C6: 2020 | D6: ='Multi-County LateDiagnoses'!C132 -> 0.21619341 | E6: ='Multi-County LateDiagnoses'!D132 -> 0.18382691 | F6: ='Multi-County LateDiagnoses'!E132 -> 0.20342677
B7: NYC1 | C7: 2021 | D7: ='Multi-County LateDiagnoses'!C133 -> 0.16567325 | E7: ='Multi-County LateDiagnoses'!D133 -> 0.18806522 | F7: ='Multi-County LateDiagnoses'!E133 -> 0.2089473
B8: NYC1 | C8: 2022 | D8: ='Multi-County LateDiagnoses'!C134 -> 0.21292912 | E8: ='Multi-County LateDiagnoses'!D134 -> 0.15729949 | F8: ='Multi-County LateDiagnoses'!E134 -> 0.19053129
B9: MIA1 | C9: 2016 | G9: no data for 2016
B10: MIA1 | C10: 2017 | D10: =AVERAGE(D12:D13) -> 0.1035 | E10: =AVERAGE(E12:E13) -> 0.186 | F10: =AVERAGE(F12:F13) -> 0.2005 | G10: average of 2019-2020. no county level data for 2017 and 2018
B11: MIA1 | C11: 2018 | D11: =AVERAGE(D12:D13) -> 0.1035 | E11: =AVERAGE(E12:E13) -> 0.186 | F11: =AVERAGE(F12:F13) -> 0.2005 | G11: average of 2019-2020. no county level data for 2017 and 2018
B12: MIA1 | C12: 2019 | D12: 0.089 | E12: 0.199 | F12: 0.196
B13: MIA1 | C13: 2020 | D13: 0.118 | E13: 0.173 | F13: 0.205
B14: MIA1 | C14: 2021 | D14: 0.167 | E14: 0.165 | F14: 0.188
B15: MIA1 | C15: 2022 | D15: 0.188 | E15: 0.221 | F15: 0.182
B16: MAR | C16: 2016 | G16: no data for 2016
B17: MAR | C17: 2017 | D17: 0.188 | E17: 0.117 | F17: 0.189
B18: MAR | C18: 2018 | D18: 0.262 | E18: 0.196 | F18: 0.229
B19: MAR | C19: 2019 | D19: =(D17+D18+D20)/3 -> 0.222 | E19: =(E17+E18+E20)/3 -> 0.167 | F19: =(F17+F18+F20)/3 -> 0.216 | G19: average of 2017, 2018, 2020
B20: MAR | C20: 2020 | D20: 0.216 | E20: 0.188 | F20: 0.23 | G20: state level data
B21: MAR | C21: 2021 | D21: 0.189 | E21: 0.184 | F21: 0.186
B22: MAR | C22: 2022 | D22: =AVERAGE(D20:D21) -> 0.2025 | E22: =AVERAGE(E20:E21) -> 0.186 | F22: =AVERAGE(F20:F21) -> 0.208 | G22: average of 2020-2021. 2020 uses state-level data but data seems close to other years
B23: SFA | C23: 2016
B24: SFA | C24: 2017 | D24: 0.16954299 | E24: 0.17919457 | F24: 0.20965158
B25: SFA | C25: 2018 | D25: 0.15882916 | E25: 0.13133941 | F25: 0.19927563
B26: SFA | C26: 2019 | D26: 0.16339161 | E26: 0.17937063 | F26: 0.153
B27: SFA | C27: 2020 | D27: 0.22235937 | E27: 0.1487125 | F27: 0.20380625
B28: SFA | C28: 2021 | D28: 0.1724147 | E28: 0.17091864 | F28: 0.18937008
B29: SFA | C29: 2022 | D29: 0.1875 | E29: 0.1425 | F29: 0.174
B30: LOR | C30: 2016 | G30: no data for 2016
B31: LOR | C31: 2017 | D31: 0.204 | E31: 0.18 | F31: 0.233 | G31: using state-level data
B32: LOR | C32: 2018 | D32: 0.184 | E32: 0.191 | F32: 0.217 | G32: using state-level data
B33: LOR | C33: 2019 | D33: 0.205 | E33: 0.15 | F33: 0.223 | G33: using state-level data
B34: LOR | C34: 2020 | D34: 0.216 | E34: 0.188 | F34: 0.23 | G34: using state-level data
B35: LOR | C35: 2021 | D35: 0.205 | E35: 0.202 | F35: 0.239 | G35: using state-level data
B36: LOR | C36: 2022 | D36: 0.205 | E36: 0.165 | F36: 0.228 | G36: using state-level data
B37: SAC | C37: 2016 | G37: no data for 2016
B38: SAC | C38: 2017 | D38: 0.204 | E38: 0.18 | F38: 0.233 | G38: using state-level data
B39: SAC | C39: 2018 | D39: 0.184 | E39: 0.191 | F39: 0.217 | G39: using state-level data
B40: SAC | C40: 2019 | D40: 0.205 | E40: 0.15 | F40: 0.223 | G40: using state-level data
B41: SAC | C41: 2020 | D41: 0.216 | E41: 0.188 | F41: 0.23 | G41: using state-level data
B42: SAC | C42: 2021 | D42: 0.205 | E42: 0.202 | F42: 0.239 | G42: using state-level data
B43: SAC | C43: 2022 | D43: 0.205 | E43: 0.165 | F43: 0.228 | G43: using state-level data
B44: SDI | C44: 2016 | G44: no data for 2016
B45: SDI | C45: 2017 | D45: 0.204 | E45: 0.18 | F45: 0.233 | G45: using state-level data
B46: SDI | C46: 2018 | D46: 0.184 | E46: 0.191 | F46: 0.217 | G46: using state-level data
B47: SDI | C47: 2019 | D47: 0.205 | E47: 0.15 | F47: 0.223 | G47: using state-level data
B48: SDI | C48: 2020 | D48: 0.216 | E48: 0.188 | F48: 0.23 | G48: using state-level data
B49: SDI | C49: 2021 | D49: 0.205 | E49: 0.202 | F49: 0.239 | G49: using state-level data
B50: SDI | C50: 2022 | D50: 0.205 | E50: 0.165 | F50: 0.228 | G50: using state-level data
B51: DUV | C51: 2016 | G51: no data for 2016
B52: DUV | C52: 2017 | D52: 0.211 | E52: 0.226 | F52: 0.201 | G52: no data for 2017, using 2018
B53: DUV | C53: 2018 | D53: 0.211 | E53: 0.226 | F53: 0.201 | G53: using state-level data
B54: DUV | C54: 2019 | D54: 0.182 | E54: 0.175 | F54: 0.292
B55: DUV | C55: 2020 | D55: 0.189 | E55: 0.137 | F55: 0.194
B56: DUV | C56: 2021 | D56: 0.246 | E56: 0.234 | F56: 0.161
B57: DUV | C57: 2022 | D57: 0.254 | E57: 0.171 | F57: 0.133
B58: TAM | C58: 2016
B59: TAM | C59: 2017 | D59: 0.211 | E59: 0.226 | F59: 0.201
B60: TAM | C60: 2018 | D60: 0.211 | E60: 0.226 | F60: 0.201
B61: TAM | C61: 2019 | D61: 0.2313619 | E61: 0.24118095 | F61: 0.23974286
B62: TAM | C62: 2020 | D62: 0.21674278 | E62: 0.21683727 | F62: 0.25404199
B63: TAM | C63: 2021 | D63: 0.23047727 | E63: 0.19297727 | F63: 0.26872727
B64: TAM | C64: 2022 | D64: 0.19694236 | E64: 0.23416291 | F64: 0.24398747
B65: BMP | C65: 2016
B66: BMP | C66: 2017 | D66: ='Multi-County LateDiagnoses'!C59 -> 0.17132293 | E66: ='Multi-County LateDiagnoses'!D59 -> 0.21687852 | F66: ='Multi-County LateDiagnoses'!E59 -> 0.19528078
B67: BMP | C67: 2018 | D67: ='Multi-County LateDiagnoses'!C60 -> 0.211 | E67: ='Multi-County LateDiagnoses'!D60 -> 0.226 | F67: ='Multi-County LateDiagnoses'!E60 -> 0.201
B68: BMP | C68: 2019 | D68: ='Multi-County LateDiagnoses'!C61 -> 0.12270595 | E68: ='Multi-County LateDiagnoses'!D61 -> 0.22420252 | F68: ='Multi-County LateDiagnoses'!E61 -> 0.20165446
B69: BMP | C69: 2020 | D69: ='Multi-County LateDiagnoses'!C62 -> 0.13585747 | E69: ='Multi-County LateDiagnoses'!D62 -> 0.20426244 | F69: ='Multi-County LateDiagnoses'!E62 -> 0.20286199
B70: BMP | C70: 2021 | D70: ='Multi-County LateDiagnoses'!C63 -> 0.16848362 | E70: ='Multi-County LateDiagnoses'!D63 -> 0.19396903 | F70: ='Multi-County LateDiagnoses'!E63 -> 0.18170399
B71: BMP | C71: 2022 | D71: ='Multi-County LateDiagnoses'!C64 -> 0.2166331 | E71: ='Multi-County LateDiagnoses'!D64 -> 0.2346872 | F71: ='Multi-County LateDiagnoses'!E64 -> 0.18794537
B72: ORF | C72: 2016 | G72: no data for 2016
B73: ORF | C73: 2017 | D73: 0.211 | E73: 0.226 | F73: 0.201 | G73: no data for 2017, using 2018
B74: ORF | C74: 2018 | D74: 0.211 | E74: 0.226 | F74: 0.201 | G74: using state-level data
B75: ORF | C75: 2019 | D75: 0.204 | E75: 0.185 | F75: 0.151
B76: ORF | C76: 2020 | D76: 0.131 | E76: 0.195 | F76: 0.179
B77: ORF | C77: 2021 | D77: 0.117 | E77: 0.167 | F77: 0.163
B78: ORF | C78: 2022 | D78: 0.175 | E78: 0.261 | F78: 0.193
B79: ATL | C79: 2016 | G79: state data
B80: ATL | C80: 2017 | D80: 0.23 | E80: 0.223 | F80: 0.291
B81: ATL | C81: 2018 | D81: 0.218 | E81: 0.213 | F81: 0.25
B82: ATL | C82: 2019 | D82: 0.181 | E82: 0.207 | F82: 0.194
B83: ATL | C83: 2020 | D83: 0.227 | E83: 0.223 | F83: 0.26
B84: ATL | C84: 2021 | D84: 0.248 | E84: 0.225 | F84: 0.269
B85: ATL | C85: 2022 | D85: 0.232 | E85: 0.227 | F85: 0.259
B86: COO | C86: 2016
B87: COO | C87: 2017 | D87: 0.223 | E87: 0.182 | F87: 0.238 | G87: no 2017, 2018, 2019 data, using 2020
B88: COO | C88: 2018 | D88: 0.223 | E88: 0.182 | F88: 0.238
B89: COO | C89: 2019 | D89: 0.223 | E89: 0.182 | F89: 0.238
B90: COO | C90: 2020 | D90: 0.223 | E90: 0.182 | F90: 0.238 | G90: state data
B91: COO | C91: 2021 | D91: 0.189 | E91: 0.158 | F91: 0.186 | G91: state data
B92: COO | C92: 2022 | D92: 0.18 | E92: 0.197 | F92: 0.201 | G92: state data
B93: MIN | C93: 2016
B94: MIN | C94: 2017 | D94: 0.191 | E94: 0.165 | F94: 0.279 | G94: state data
B95: MIN | C95: 2018 | D95: 0.213 | E95: 0.179 | F95: 0.211 | G95: state data
B96: MIN | C96: 2019 | D96: 0.214 | E96: 0.132 | F96: 0.231 | G96: no 2019 data, using 2020
B97: MIN | C97: 2020 | D97: 0.214 | E97: 0.132 | F97: 0.231 | G97: state data
B98: MIN | C98: 2021 | D98: 0.133 | E98: 0.127 | F98: 0.164 | G98: state data
B99: MIN | C99: 2022 | D99: 0.135 | E99: 0.104 | F99: 0.143 | G99: state data
B100: EBR | C100: 2016
...

Sheet ViralSuppression
A1: city | B1: year | C1: W | D1: B | E1: H | F1: notes
A2: ATL | B2: 2016
A3: ATL | B3: 2017 | C3: 0.70845817 | D3: 0.5776699 | E3: 0.62524366 | F3: Data from AHEAD. Proportion of people virally suppressed among people living with diagnosed HIV. By race strata needed only
A4: ATL | B4: 2018 | C4: 0.70301783 | D4: 0.59102578 | E4: 0.63232601 | F4: assume gen pop percent viral suppressed is the same for 15-64
A5: ATL | B5: 2019 | C5: 0.72536974 | D5: 0.60911148 | E5: 0.63731656 | F5: white = (total numerator - balck numerator -hispanic numerator) / (total denominator - black denominator - hispanic denominator)
A6: ATL | B6: 2020 | C6: 0.69757225 | D6: 0.5955028 | E6: 0.62420886 | F6: denominators are 0-99+ age
A7: ATL | B7: 2021 | C7: 0.71878025 | D7: 0.61654989 | E7: 0.6506422 | F7: if any county strata had missing values, data from the earliest available year was used for the addition
A8: ATL | B8: 2022 | C8: 0.72440746 | D8: 0.62823693 | E8: 0.65125043
A9: BAL | B9: 2016
A10: BAL | B10: 2017 | C10: 0.61069837 | D10: 0.55202027 | E10: 0.60326581
A11: BAL | B11: 2018 | C11: 0.61069837 | D11: 0.58622299 | E11: 0.60326581 | F11: Data from AHEAD. Proportion of people virally suppressed among people living with diagnosed HIV. By race strata needed only
A12: BAL | B12: 2019 | C12: 0.67251462 | D12: 0.62860553 | E12: 0.61756374 | F12: 2017 data same as 2018 due to missing values
A13: BAL | B13: 2020 | C13: 0.62027231 | D13: 0.59027123 | E13: 0.6055245
A14: BAL | B14: 2021 | C14: 0.60987261 | D14: 0.62237365 | E14: 0.66588832
A15: BAL | B15: 2022 | C15: 0.58653846 | D15: 0.61780029 | E15: 0.6324101
A16: BEX | B16: 2016
A17: BEX | B17: 2017 | C17: 0.65342163 | D17: 0.5659204 | E17: 0.6770151 | F17: Data from AHEAD. Proportion of people virally suppressed among people living with diagnosed HIV. By race strata needed only
A18: BEX | B18: 2018 | C18: 0.64086022 | D18: 0.57055961 | E18: 0.67367257 | F18: assume gen pop percent viral suppressed is the same for 15-64
A19: BEX | B19: 2019 | C19: 0.6239521 | D19: 0.53453039 | E19: 0.68815072 | F19: white = (total numerator - balck numerator -hispanic numerator) / (total denominator - black denominator - hispanic denominator)
A20: BEX | B20: 2020 | C20: 0.62638581 | D20: 0.55346651 | E20: 0.65666328 | F20: denominators are 0-99+ age
A21: BEX | B21: 2021 | C21: 0.64545455 | D21: 0.53389831 | E21: 0.63955224 | F21: if any county strata had missing values, data from the earliest available year was used for the addition
A22: BEX | B22: 2022 | C22: 0.67995444 | D22: 0.5719697 | E22: 0.69158654
A23: BMP | B23: 2016
A24: BMP | B24: 2017 | C24: 0.72798635 | D24: 0.55157539 | E24: 0.67721 | F24: Data from AHEAD. Proportion of people virally suppressed among people living with diagnosed HIV. By race strata needed only
A25: BMP | B25: 2018 | C25: 0.74463172 | D25: 0.57290433 | E25: 0.6853597
A26: BMP | B26: 2019 | C26: 0.75117206 | D26: 0.57044954 | E26: 0.67553123
A27: BMP | B27: 2020 | C27: 0.74067878 | D27: 0.56908539 | E27: 0.6721984
A28: BMP | B28: 2021 | C28: 0.75444796 | D28: 0.57172182 | E28: 0.69129652
A29: BMP | B29: 2022 | C29: 0.75984991 | D29: 0.59488021 | E29: 0.69710153
A30: CLA | B30: 2016
A31: CLA | B31: 2017 | C31: 0.66863687 | D31: 0.59492481 | E31: 0.65186916 | F31: Data from AHEAD. Proportion of people virally suppressed among people living with diagnosed HIV. By race strata needed only
A32: CLA | B32: 2018 | C32: 0.66863687 | D32: 0.59492481 | E32: 0.65186916 | F32: assume gen pop percent viral suppressed is the same for 15-64
A33: CLA | B33: 2019 | C33: 0.6076087 | D33: 0.54320988 | E33: 0.60685663 | F33: white = (total numerator - balck numerator -hispanic numerator) / (total denominator - black denominator - hispanic denominator)
A34: CLA | B34: 2020 | C34: 0.66917024 | D34: 0.59740803 | E34: 0.66080402 | F34: denominators are 0-99+ age
A35: CLA | B35: 2021 | C35: 0.65748899 | D35: 0.60517799 | E35: 0.65180723 | F35: if any county strata had missing values, data from the earliest available year was used for the addition
A36: CLA | B36: 2022 | C36: 0.66232316 | D36: 0.59770115 | E36: 0.66717153 | F36: 2017 data same as 2018 due to missing values
A37: COO | B37: 2016
A38: COO | B38: 2017 | C38: 0.58049404 | D38: 0.52707192 | E38: 0.59589455 | F38: Data from AHEAD. Proportion of people virally suppressed among people living with diagnosed HIV. By race strata needed only
A39: COO | B39: 2018 | C39: 0.58049404 | D39: 0.52707192 | E39: 0.59589455 | F39: assume gen pop percent viral suppressed is the same for 15-64
A40: COO | B40: 2019 | C40: 0.62076227 | D40: 0.47157988 | E40: 0.53886719 | F40: white = (total numerator - balck numerator -hispanic numerator) / (total denominator - black denominator - hispanic denominator)
A41: COO | B41: 2020 | C41: 0.73155827 | D41: 0.57567249 | E41: 0.65603039 | F41: denominators are 0-99+ age
A42: COO | B42: 2021 | C42: 0.73820537 | D42: 0.5399566 | E42: 0.61084771 | F42: if any county strata had missing values, data from the earliest available year was used for the addition
A43: COO | B43: 2022 | C43: 0.74373522 | D43: 0.51117906 | E43: 0.58985319 | F43: 2017 data same as 2018 due to missing values
A44: CUY | B44: 2016
A45: CUY | B45: 2017 | C45: 0.50553506 | D45: 0.44844929 | E45: 0.48851775 | F45: Data from AHEAD. Proportion of people virally suppressed among people living with diagnosed HIV. By race strata needed only
A46: CUY | B46: 2018 | C46: 0.671875 | D46: 0.58319328 | E46: 0.64197531 | F46: assume gen pop percent viral suppressed is the same for 15-64
A47: CUY | B47: 2019 | C47: 0.74323063 | D47: 0.62230514 | E47: 0.70040486 | F47: white = (total numerator - balck numerator -hispanic numerator) / (total denominator - black denominator - hispanic denominator)
A48: CUY | B48: 2020 | C48: 0.70936902 | D48: 0.62193126 | E48: 0.72637795 | F48: denominators are 0-99+ age
A49: CUY | B49: 2021 | C49: 0.6988417 | D49: 0.62650602 | E49: 0.65354331 | F49: if any county strata had missing values, data from the earliest available year was used for the addition
A50: CUY | B50: 2022 | C50: 0.72161895 | D50: 0.63477908 | E50: 0.71483622
A51: DCM | B51: 2016 | F51: Data from AHEAD. Proportion of people virally suppressed among people living with diagnosed HIV. By race strata needed only
A52: DCM | B52: 2017 | C52: 0.56696256 | D52: 0.55586892 | E52: 0.59186673 | F52: assume gen pop percent viral suppressed is the same for 15-64
A53: DCM | B53: 2018 | C53: 0.53467648 | D53: 0.57374812 | E53: 0.57422832 | F53: white = (total numerator - balck numerator -hispanic numerator) / (total denominator - black denominator - hispanic denominator)
A54: DCM | B54: 2019 | C54: 0.58761682 | D54: 0.60827082 | E54: 0.60459973 | F54: denominators are 0-99+ age
A55: DCM | B55: 2020 | C55: 0.56193229 | D55: 0.57961171 | E55: 0.5907489 | F55: if any county strata had missing values, data from the earliest available year was used for the addition
A56: DCM | B56: 2021 | C56: 0.56091148 | D56: 0.57285546 | E56: 0.58196721 | F56: Montgomery: 2017 data missing for all groups, using 2018 data
A57: DCM | B57: 2022 | C57: 0.60732265 | D57: 0.56687645 | E57: 0.59758635 | F57: Prince George: 2017 data missing for all groups, using 2018 data
A58: DFW | B58: 2016
A59: DFW | B59: 2017 | C59: 0.72695747 | D59: 0.54589478 | E59: 0.6124782 | F59: Data from AHEAD. Proportion of people virally suppressed among people living with diagnosed HIV. By race strata needed only
A60: DFW | B60: 2018 | C60: 0.71613965 | D60: 0.520658 | E60: 0.60751604 | F60: assume gen pop percent viral suppressed is the same for 15-64
A61: DFW | B61: 2019 | C61: 0.71865187 | D61: 0.55824278 | E61: 0.6313476 | F61: white = (total numerator - balck numerator -hispanic numerator) / (total denominator - black denominator - hispanic denominator)
A62: DFW | B62: 2020 | C62: 0.66271511 | D62: 0.6162738 | E62: 0.5546965 | F62: denominators are 0-99+ age
A63: DFW | B63: 2021 | C63: 0.71143591 | D63: 0.56758605 | E63: 0.60273542 | F63: if any county strata had missing values, data from the earliest available year was used for the addition
A64: DFW | B64: 2022 | C64: 0.69332519 | D64: 0.62562585 | E64: 0.59051724
A65: DUV | B65: 2016
A66: DUV | B66: 2017 | C66: 0.67909801 | D66: 0.51569881 | E66: 0.58409786 | F66: Data from AHEAD. Proportion of people virally suppressed among people living with diagnosed HIV. By race strata needed only
A67: DUV | B67: 2018 | C67: 0.67772109 | D67: 0.56479742 | E67: 0.61627907 | F67: assume gen pop percent viral suppressed is the same for 15-64
A68: DUV | B68: 2019 | C68: 0.7092437 | D68: 0.60741927 | E68: 0.64150943 | F68: white = (total numerator - balck numerator -hispanic numerator) / (total denominator - black denominator - hispanic denominator)
A69: DUV | B69: 2020 | C69: 0.70563847 | D69: 0.61616162 | E69: 0.66498741 | F69: denominators are 0-99+ age
A70: DUV | B70: 2021 | C70: 0.75824176 | D70: 0.66215858 | E70: 0.71298405 | F70: if any county strata had missing values, data from the earliest available year was used for the addition
A71: DUV | B71: 2022 | C71: 0.74133559 | D71: 0.63309543 | E71: 0.69294606 | F71: 2017 data same as 2018 due to missing values
A72: EBR | B72: 2016
A73: EBR | B73: 2017 | C73: 0.75213675 | D73: 0.65800866 | E73: 0.66666667 | F73: Data from AHEAD. Proportion of people virally suppressed among people living with diagnosed HIV. By race strata needed only
A74: EBR | B74: 2018 | C74: 0.79444444 | D74: 0.70327869 | E74: 0.6119403 | F74: assume gen pop percent viral suppressed is the same for 15-64
A75: EBR | B75: 2019 | C75: 0.76056338 | D75: 0.72759857 | E75: 0.6625 | F75: white = (total numerator - balck numerator -hispanic numerator) / (total denominator - black denominator - hispanic denominator)
A76: EBR | B76: 2020 | C76: 0.79063361 | D76: 0.74149235 | E76: 0.61728395 | F76: denominators are 0-99+ age
A77: EBR | B77: 2021 | C77: 0.80222841 | D77: 0.75443599 | E77: 0.63855422 | F77: if any county strata had missing values, data from the earliest available year was used for the addition
A78: EBR | B78: 2022 | C78: 0.80122324 | D78: 0.75223288 | E78: 0.65686275
A79: FRA | B79: 2016
A80: FRA | B80: 2017 | C80: 0.69341564 | D80: 0.5508982 | E80: 0.60465116 | F80: Data from AHEAD. Proportion of people virally suppressed among people living with diagnosed HIV. By race strata needed only
A81: FRA | B81: 2018 | C81: 0.70416025 | D81: 0.58483563 | E81: 0.67037037 | F81: assume gen pop percent viral suppressed is the same for 15-64
A82: FRA | B82: 2019 | C82: 0.71655561 | D82: 0.63102934 | E82: 0.70134228 | F82: white = (total numerator - balck numerator -hispanic numerator) / (total denominator - black denominator - hispanic denominator)
A83: FRA | B83: 2020 | C83: 0.70837589 | D83: 0.62138728 | E83: 0.66563467 | F83: denominators are 0-99+ age
A84: FRA | B84: 2021 | C84: 0.758056 | D84: 0.66196521 | E84: 0.71771772 | F84: if any county strata had missing values, data from the earliest available year was used for the addition
A85: FRA | B85: 2022 | C85: 0.75190424 | D85: 0.66233766 | E85: 0.68493151
A86: HAM | B86: 2016
A87: HAM | B87: 2017 | C87: 0.47914184 | D87: 0.40735874 | E87: 0.41176471 | F87: Data from AHEAD. Proportion of people virally suppressed among people living with diagnosed HIV. By race strata needed only
A88: HAM | B88: 2018 | C88: 0.51079137 | D88: 0.43717617 | E88: 0.40217391 | F88: assume gen pop percent viral suppressed is the same for 15-64
A89: HAM | B89: 2019 | C89: 0.53791469 | D89: 0.45528967 | E89: 0.47524752 | F89: white = (total numerator - balck numerator -hispanic numerator) / (total denominator - black denominator - hispanic denominator)
A90: HAM | B90: 2020 | C90: 0.66628042 | D90: 0.58867455 | E90: 0.63551402 | F90: denominators are 0-99+ age
A91: HAM | B91: 2021 | C91: 0.69230769 | D91: 0.60840025 | E91: 0.57377049 | F91: if any county strata had missing values, data from the earliest available year was used for the addition
A92: HAM | B92: 2022 | C92: 0.66587112 | D92: 0.61276332 | E92: 0.62809917
A93: HAR | B93: 2016
A94: HAR | B94: 2017 | C94: 0.7030137 | D94: 0.55435082 | E94: 0.60209039 | F94: Data from AHEAD. Proportion of people virally suppressed among people living with diagnosed HIV. By race strata needed only
A95: HAR | B95: 2018 | C95: 0.7074199 | D95: 0.57484333 | E95: 0.61986736 | F95: assume gen pop percent viral suppressed is the same for 15-64
A96: HAR | B96: 2019 | C96: 0.66755496 | D96: 0.48097722 | E96: 0.62447206 | F96: white = (total numerator - balck numerator -hispanic numerator) / (total denominator - black denominator - hispanic denominator)
A97: HAR | B97: 2020 | C97: 0.68910439 | D97: 0.59015257 | E97: 0.63973021 | F97: denominators are 0-99+ age
A98: HAR | B98: 2021 | C98: 0.70523824 | D98: 0.60600103 | E98: 0.65284006 | F98: if any county strata had missing values, data from the earliest available year was used for the addition
A99: HAR | B99: 2022 | C99: 0.67465438 | D99: 0.54953365 | E99: 0.59221457
A100: KIN | B100: 2016
...

Sheet Multi-County LateDiagnoses
A1: city | B1: year | C1: W | D1: B | E1: H | F1: New diagnoses | G1: notes
A2: LA | B2: 2016 | F2: 1933
A3: LA | B3: 2017 | C3: 0.204 | D3: 0.18 | E3: 0.233 | F3: 1801 | G3: No county, use state
A4: LA | B4: 2018 | C4: 0.127 | D4: 0.15 | E4: 0.165 | F4: 1751
A5: LA | B5: 2019 | C5: 0.14 | D5: 0.091 | E5: 0.183 | F5: 1287
A6: LA | B6: 2020 | C6: 0.163 | D6: 0.154 | E6: 0.24 | F6: 1448
A7: LA | B7: 2021 | C7: 0.149 | D7: 0.174 | E7: 0.204 | F7: 1544
A8: LA | B8: 2022 | C8: 0.205 | D8: 0.165 | E8: 0.228 | F8: 1625
A9: OCA | B9: 2016 | F9: 351
A10: OCA | B10: 2017 | C10: 0.204 | D10: 0.18 | E10: 0.233 | F10: 314 | G10: No county, use state
A11: OCA | B11: 2018 | C11: 0.184 | D11: 0.191 | E11: 0.217 | F11: 287
A12: OCA | B12: 2019 | C12: 0.205 | D12: 0.15 | E12: 0.223 | F12: 253
A13: OCA | B13: 2020 | C13: 0.215 | D13: 0.186 | E13: 0.246 | F13: 264
A14: OCA | B14: 2021 | C14: 0.205 | D14: 0.202 | E14: 0.239 | F14: 267
A15: OCA | B15: 2022 | C15: 0.205 | D15: 0.165 | E15: 0.228 | F15: 259
A16: RIV | B16: 2016 | F16: 295
A17: RIV | B17: 2017 | C17: 0.204 | D17: 0.18 | E17: 0.233 | F17: 231 | G17: No county, use state
A18: RIV | B18: 2018 | C18: 0.184 | D18: 0.191 | E18: 0.217 | F18: 263
A19: RIV | B19: 2019 | C19: 0.205 | D19: 0.15 | E19: 0.223 | F19: 283
A20: RIV | B20: 2020 | C20: 0.215 | D20: 0.186 | E20: 0.246 | F20: 240
A21: RIV | B21: 2021 | C21: 0.205 | D21: 0.202 | E21: 0.239 | F21: 273
A22: RIV | B22: 2022 | C22: 0.205 | D22: 0.165 | E22: 0.228 | F22: 322
A23: SBR | B23: 2016 | F23: 221
A24: SBR | B24: 2017 | C24: 0.204 | D24: 0.18 | E24: 0.233 | F24: 323 | G24: No county, use state
A25: SBR | B25: 2018 | C25: 0.184 | D25: 0.191 | E25: 0.217 | F25: 261
A26: SBR | B26: 2019 | C26: 0.205 | D26: 0.15 | E26: 0.223 | F26: 248
A27: SBR | B27: 2020 | C27: 0.215 | D27: 0.186 | E27: 0.246 | F27: 268
A28: SBR | B28: 2021 | C28: 0.205 | D28: 0.202 | E28: 0.239 | F28: 300
A29: SBR | B29: 2022 | C29: 0.205 | D29: 0.165 | E29: 0.228 | F29: 293
A30: LOR | B30: 2016
A31: LOR | B31: 2017 | C31: =C3*F3/SUM(F3,F10,F17,F24)+C10*F10/SUM(F3,F10,F17,F24)+C17*F17/SUM(F3,F10,F17,F24)+C24*F24/SUM(F3,F10,F17,F24) -> 0.204 | D31: =D3*F3/SUM(F3,F10,F17,F24)+D10*F10/SUM(F3,F10,F17,F24)+D17*F17/SUM(F3,F10,F17,F24)+D24*F24/SUM(F3,F10,F17,F24) -> 0.18 | E31: =E3*F3/SUM(F3,F10,F17,F24)+E10*F10/SUM(F3,F10,F17,F24)+E17*F17/SUM(F3,F10,F17,F24)+E24*F24/SUM(F3,F10,F17,F24) -> 0.233
A32: LOR | B32: 2018 | C32: =C4*F4/SUM(F4,F11,F18,F25)+C11*F11/SUM(F4,F11,F18,F25)+C18*F18/SUM(F4,F11,F18,F25)+C25*F25/SUM(F4,F11,F18,F25) -> 0.14504333 | D32: =D4*F4/SUM(F4,F11,F18,F25)+D11*F11/SUM(F4,F11,F18,F25)+D18*F18/SUM(F4,F11,F18,F25)+D25*F25/SUM(F4,F11,F18,F25) -> 0.16297853 | E32: =E4*F4/SUM(F4,F11,F18,F25)+E11*F11/SUM(F4,F11,F18,F25)+E18*F18/SUM(F4,F11,F18,F25)+E25*F25/SUM(F4,F11,F18,F25) -> 0.18146058
A33: LOR | B33: 2019 | C33: =C5*F5/SUM(F5,F12,F19,F26)+C12*F12/SUM(F5,F12,F19,F26)+C19*F19/SUM(F5,F12,F19,F26)+C26*F26/SUM(F5,F12,F19,F26) -> 0.16460647 | D33: =D5*F5/SUM(F5,F12,F19,F26)+D12*F12/SUM(F5,F12,F19,F26)+D19*F19/SUM(F5,F12,F19,F26)+D26*F26/SUM(F5,F12,F19,F26) -> 0.1133351 | E33: =E5*F5/SUM(F5,F12,F19,F26)+E12*F12/SUM(F5,F12,F19,F26)+E19*F19/SUM(F5,F12,F19,F26)+E26*F26/SUM(F5,F12,F19,F26) -> 0.19814244
A34: LOR | B34: 2020 | C34: =C6*F6/SUM(F6,F13,F20,F27)+C13*F13/SUM(F6,F13,F20,F27)+C20*F20/SUM(F6,F13,F20,F27)+C27*F27/SUM(F6,F13,F20,F27) -> 0.18108288 | D34: =D6*F6/SUM(F6,F13,F20,F27)+D13*F13/SUM(F6,F13,F20,F27)+D20*F20/SUM(F6,F13,F20,F27)+D27*F27/SUM(F6,F13,F20,F27) -> 0.16512793 | E34: =E6*F6/SUM(F6,F13,F20,F27)+E13*F13/SUM(F6,F13,F20,F27)+E20*F20/SUM(F6,F13,F20,F27)+E27*F27/SUM(F6,F13,F20,F27) -> 0.24208649
A35: LOR | B35: 2021 | C35: =C7*F7/SUM(F7,F14,F21,F28)+C14*F14/SUM(F7,F14,F21,F28)+C21*F21/SUM(F7,F14,F21,F28)+C28*F28/SUM(F7,F14,F21,F28) -> 0.16873154 | D35: =D7*F7/SUM(F7,F14,F21,F28)+D14*F14/SUM(F7,F14,F21,F28)+D21*F21/SUM(F7,F14,F21,F28)+D28*F28/SUM(F7,F14,F21,F28) -> 0.18386577 | E35: =E7*F7/SUM(F7,F14,F21,F28)+E14*F14/SUM(F7,F14,F21,F28)+E21*F21/SUM(F7,F14,F21,F28)+E28*F28/SUM(F7,F14,F21,F28) -> 0.21633221
A36: LOR | B36: 2022 | C36: =C8*F8/SUM(F8,F15,F22,F29)+C15*F15/SUM(F8,F15,F22,F29)+C22*F22/SUM(F8,F15,F22,F29)+C29*F29/SUM(F8,F15,F22,F29) -> 0.205 | D36: =D8*F8/SUM(F8,F15,F22,F29)+D15*F15/SUM(F8,F15,F22,F29)+D22*F22/SUM(F8,F15,F22,F29)+D29*F29/SUM(F8,F15,F22,F29) -> 0.165 | E36: =E8*F8/SUM(F8,F15,F22,F29)+E15*F15/SUM(F8,F15,F22,F29)+E22*F22/SUM(F8,F15,F22,F29)+E29*F29/SUM(F8,F15,F22,F29) -> 0.228
A37: BRO | B37: 2016 | F37: 639
A38: BRO | B38: 2017 | C38: =AVERAGE(C39:C43) -> 0.1852 | D38: =AVERAGE(D39:D43) -> 0.2384 | E38: =AVERAGE(E39:E43) -> 0.1864 | F38: 622
A39: BRO | B39: 2018 | C39: 0.211 | D39: 0.226 | E39: 0.201 | F39: 544
A40: BRO | B40: 2019 | C40: 0.179 | D40: 0.257 | E40: 0.168 | F40: 519
A41: BRO | B41: 2020 | C41: 0.175 | D41: 0.269 | E41: 0.198 | F41: 405
A42: BRO | B42: 2021 | C42: 0.14 | D42: 0.222 | E42: 0.171 | F42: 543
A43: BRO | B43: 2022 | C43: 0.221 | D43: 0.218 | E43: 0.194 | F43: 570
A44: MIA | B44: 2016 | F44: 1173
A45: MIA | B45: 2017 | C45: =AVERAGE(C46:C50) -> 0.1546 | D45: =AVERAGE(D46:D50) -> 0.1968 | E45: =AVERAGE(E46:E50) -> 0.1944 | F45: 1045
A46: MIA | B46: 2018 | C46: 0.211 | D46: 0.226 | E46: 0.201 | F46: 1057
A47: MIA | B47: 2019 | C47: 0.089 | D47: 0.199 | E47: 0.196 | F47: 1011
A48: MIA | B48: 2020 | C48: 0.118 | D48: 0.173 | E48: 0.205 | F48: 723
A49: MIA | B49: 2021 | C49: 0.167 | D49: 0.165 | E49: 0.188 | F49: 868
A50: MIA | B50: 2022 | C50: 0.188 | D50: 0.221 | E50: 0.182 | F50: 1013
A51: PAL | B51: 2016 | F51: 274
A52: PAL | B52: 2017 | C52: =AVERAGE(C53:C57) -> 0.2036 | D52: =AVERAGE(D53:D57) -> 0.2446 | E52: =AVERAGE(E53:E57) -> 0.2188 | F52: 274
A53: PAL | B53: 2018 | C53: 0.211 | D53: 0.226 | E53: 0.201 | F53: 256
A54: PAL | B54: 2019 | C54: 0.145 | D54: 0.263 | E54: 0.308 | F54: 218
A55: PAL | B55: 2020 | C55: 0.121 | D55: 0.186 | E55: 0.205 | F55: 198
A56: PAL | B56: 2021 | C56: 0.231 | D56: 0.231 | E56: 0.183 | F56: 268
A57: PAL | B57: 2022 | C57: 0.31 | D57: 0.317 | E57: 0.197 | F57: 284
A58: BMP | B58: 2016
A59: BMP | B59: 2017 | C59: =C38*F38/SUM(F38,F45,F52)+C45*F45/SUM(F38,F45,F52)+C52*F52/SUM(F38,F45,F52) -> 0.17132293 | D59: =D38*F38/SUM(F38,F45,F52)+D45*F45/SUM(F38,F45,F52)+D52*F52/SUM(F38,F45,F52) -> 0.21687852 | E59: =E38*F38/SUM(F38,F45,F52)+E45*F45/SUM(F38,F45,F52)+E52*F52/SUM(F38,F45,F52) -> 0.19528078
A60: BMP | B60: 2018 | C60: =C39*F39/SUM(F39,F46,F53)+C46*F46/SUM(F39,F46,F53)+C53*F53/SUM(F39,F46,F53) -> 0.211 | D60: =D39*F39/SUM(F39,F46,F53)+D46*F46/SUM(F39,F46,F53)+D53*F53/SUM(F39,F46,F53) -> 0.226 | E60: =E39*F39/SUM(F39,F46,F53)+E46*F46/SUM(F39,F46,F53)+E53*F53/SUM(F39,F46,F53) -> 0.201
A61: BMP | B61: 2019 | C61: =C40*F40/SUM(F40,F47,F54)+C47*F47/SUM(F40,F47,F54)+C54*F54/SUM(F40,F47,F54) -> 0.12270595 | D61: =D40*F40/SUM(F40,F47,F54)+D47*F47/SUM(F40,F47,F54)+D54*F54/SUM(F40,F47,F54) -> 0.22420252 | E61: =E40*F40/SUM(F40,F47,F54)+E47*F47/SUM(F40,F47,F54)+E54*F54/SUM(F40,F47,F54) -> 0.20165446
A62: BMP | B62: 2020 | C62: =C41*F41/SUM(F41,F48,F55)+C48*F48/SUM(F41,F48,F55)+C55*F55/SUM(F41,F48,F55) -> 0.13585747 | D62: =D41*F41/SUM(F41,F48,F55)+D48*F48/SUM(F41,F48,F55)+D55*F55/SUM(F41,F48,F55) -> 0.20426244 | E62: =E41*F41/SUM(F41,F48,F55)+E48*F48/SUM(F41,F48,F55)+E55*F55/SUM(F41,F48,F55) -> 0.20286199
A63: BMP | B63: 2021 | C63: =C42*F42/SUM(F42,F49,F56)+C49*F49/SUM(F42,F49,F56)+C56*F56/SUM(F42,F49,F56) -> 0.16848362 | D63: =D42*F42/SUM(F42,F49,F56)+D49*F49/SUM(F42,F49,F56)+D56*F56/SUM(F42,F49,F56) -> 0.19396903 | E63: =E42*F42/SUM(F42,F49,F56)+E49*F49/SUM(F42,F49,F56)+E56*F56/SUM(F42,F49,F56) -> 0.18170399
A64: BMP | B64: 2022 | C64: =C43*F43/SUM(F43,F50,F57)+C50*F50/SUM(F43,F50,F57)+C57*F57/SUM(F43,F50,F57) -> 0.2166331 | D64: =D43*F43/SUM(F43,F50,F57)+D50*F50/SUM(F43,F50,F57)+D57*F57/SUM(F43,F50,F57) -> 0.2346872 | E64: =E43*F43/SUM(F43,F50,F57)+E50*F50/SUM(F43,F50,F57)+E57*F57/SUM(F43,F50,F57) -> 0.18794537
A65: COB | B65: 2016 | F65: 159 | G65: No county, use state
A66: COB | B66: 2017 | C66: 0.23 | D66: 0.223 | E66: 0.291 | F66: 155
A67: COB | B67: 2018 | C67: 0.218 | D67: 0.213 | E67: 0.25 | F67: 156
A68: COB | B68: 2019 | C68: 0.181 | D68: 0.207 | E68: 0.194 | F68: 180
A69: COB | B69: 2020 | C69: 0.227 | D69: 0.223 | E69: 0.26 | F69: 138
A70: COB | B70: 2021 | C70: 0.248 | D70: 0.225 | E70: 0.269 | F70: 144
A71: COB | B71: 2022 | C71: 0.232 | D71: 0.227 | E71: 0.259 | F71: 167
A72: DEK | B72: 2016 | F72: 363 | G72: No county, use state
A73: DEK | B73: 2017 | C73: 0.23 | D73: 0.223 | E73: 0.291 | F73: 360
A74: DEK | B74: 2018 | C74: 0.218 | D74: 0.213 | E74: 0.25 | F74: 357
A75: DEK | B75: 2019 | C75: 0.181 | D75: 0.207 | E75: 0.194 | F75: 343
A76: DEK | B76: 2020 | C76: 0.227 | D76: 0.223 | E76: 0.26 | F76: 265
A77: DEK | B77: 2021 | C77: 0.248 | D77: 0.225 | E77: 0.269 | F77: 334
A78: DEK | B78: 2022 | C78: 0.232 | D78: 0.227 | E78: 0.259 | F78: 357
A79: FUL | B79: 2016 | F79: 580 | G79: No county, use state
A80: FUL | B80: 2017 | C80: 0.23 | D80: 0.223 | E80: 0.291 | F80: 614
A81: FUL | B81: 2018 | C81: 0.218 | D81: 0.213 | E81: 0.25 | F81: 589
A82: FUL | B82: 2019 | C82: 0.181 | D82: 0.207 | E82: 0.194 | F82: 533
A83: FUL | B83: 2020 | C83: 0.227 | D83: 0.223 | E83: 0.26 | F83: 469
A84: FUL | B84: 2021 | C84: 0.248 | D84: 0.225 | E84: 0.269 | F84: 510
A85: FUL | B85: 2022 | C85: 0.232 | D85: 0.227 | E85: 0.259 | F85: 504
A86: GWI | B86: 2016 | F86: 146 | G86: No county, use state
A87: GWI | B87: 2017 | C87: 0.23 | D87: 0.223 | E87: 0.291 | F87: 178
A88: GWI | B88: 2018 | C88: 0.218 | D88: 0.213 | E88: 0.25 | F88: 148
A89: GWI | B89: 2019 | C89: 0.181 | D89: 0.207 | E89: 0.194 | F89: 212
A90: GWI | B90: 2020 | C90: 0.227 | D90: 0.223 | E90: 0.26 | F90: 149
A91: GWI | B91: 2021 | C91: 0.248 | D91: 0.225 | E91: 0.269 | F91: 161
A92: GWI | B92: 2022 | C92: 0.232 | D92: 0.227 | E92: 0.259 | F92: 209
A93: ATL | B93: 2016
A94: ATL | B94: 2017 | C94: =C66*F66/SUM(F66,F73,F80,F87)+C73*F73/SUM(F66,F73,F80,F87)+C80*F80/SUM(F66,F73,F80,F87)+C87*F87/SUM(F66,F73,F80,F87) -> 0.23 | D94: =D66*F66/SUM(F66,F73,F80,F87)+D73*F73/SUM(F66,F73,F80,F87)+D80*F80/SUM(F66,F73,F80,F87)+D87*F87/SUM(F66,F73,F80,F87) -> 0.223 | E94: =E66*F66/SUM(F66,F73,F80,F87)+E73*F73/SUM(F66,F73,F80,F87)+E80*F80/SUM(F66,F73,F80,F87)+E87*F87/SUM(F66,F73,F80,F87) -> 0.291
A95: ATL | B95: 2018 | C95: =C67*F67/SUM(F67,F74,F81,F88)+C74*F74/SUM(F67,F74,F81,F88)+C81*F81/SUM(F67,F74,F81,F88)+C88*F88/SUM(F67,F74,F81,F88) -> 0.218 | D95: =D67*F67/SUM(F67,F74,F81,F88)+D74*F74/SUM(F67,F74,F81,F88)+D81*F81/SUM(F67,F74,F81,F88)+D88*F88/SUM(F67,F74,F81,F88) -> 0.213 | E95: =E67*F67/SUM(F67,F74,F81,F88)+E74*F74/SUM(F67,F74,F81,F88)+E81*F81/SUM(F67,F74,F81,F88)+E88*F88/SUM(F67,F74,F81,F88) -> 0.25
A96: ATL | B96: 2019 | C96: =C68*F68/SUM(F68,F75,F82,F89)+C75*F75/SUM(F68,F75,F82,F89)+C82*F82/SUM(F68,F75,F82,F89)+C89*F89/SUM(F68,F75,F82,F89) -> 0.181 | D96: =D68*F68/SUM(F68,F75,F82,F89)+D75*F75/SUM(F68,F75,F82,F89)+D82*F82/SUM(F68,F75,F82,F89)+D89*F89/SUM(F68,F75,F82,F89) -> 0.207 | E96: =E68*F68/SUM(F68,F75,F82,F89)+E75*F75/SUM(F68,F75,F82,F89)+E82*F82/SUM(F68,F75,F82,F89)+E89*F89/SUM(F68,F75,F82,F89) -> 0.194
A97: ATL | B97: 2020 | C97: =C69*F69/SUM(F69,F76,F83,F90)+C76*F76/SUM(F69,F76,F83,F90)+C83*F83/SUM(F69,F76,F83,F90)+C90*F90/SUM(F69,F76,F83,F90) -> 0.227 | D97: =D69*F69/SUM(F69,F76,F83,F90)+D76*F76/SUM(F69,F76,F83,F90)+D83*F83/SUM(F69,F76,F83,F90)+D90*F90/SUM(F69,F76,F83,F90) -> 0.223 | E97: =E69*F69/SUM(F69,F76,F83,F90)+E76*F76/SUM(F69,F76,F83,F90)+E83*F83/SUM(F69,F76,F83,F90)+E90*F90/SUM(F69,F76,F83,F90) -> 0.26
A98: ATL | B98: 2021 | C98: =C70*F70/SUM(F70,F77,F84,F91)+C77*F77/SUM(F70,F77,F84,F91)+C84*F84/SUM(F70,F77,F84,F91)+C91*F91/SUM(F70,F77,F84,F91) -> 0.248 | D98: =D70*F70/SUM(F70,F77,F84,F91)+D77*F77/SUM(F70,F77,F84,F91)+D84*F84/SUM(F70,F77,F84,F91)+D91*F91/SUM(F70,F77,F84,F91) -> 0.225 | E98: =E70*F70/SUM(F70,F77,F84,F91)+E77*F77/SUM(F70,F77,F84,F91)+E84*F84/SUM(F70,F77,F84,F91)+E91*F91/SUM(F70,F77,F84,F91) -> 0.269
A99: ATL | B99: 2022 | C99: =C71*F71/SUM(F71,F78,F85,F92)+C78*F78/SUM(F71,F78,F85,F92)+C85*F85/SUM(F71,F78,F85,F92)+C92*F92/SUM(F71,F78,F85,F92) -> 0.232 | D99: =D71*F71/SUM(F71,F78,F85,F92)+D78*F78/SUM(F71,F78,F85,F92)+D85*F85/SUM(F71,F78,F85,F92)+D92*F92/SUM(F71,F78,F85,F92) -> 0.227 | E99: =E71*F71/SUM(F71,F78,F85,F92)+E78*F78/SUM(F71,F78,F85,F92)+E85*F85/SUM(F71,F78,F85,F92)+E92*F92/SUM(F71,F78,F85,F92) -> 0.259
A100: BRO | B100: 2016 | F100: 527
...

Sheet obs.inc.all
A1: city | B1: year | C1: value | D1: low | E1: high
A2: LA1 | B2: 2017 | C2: 2061.3254 | D2: 1855.1929 | E2: 2226.2315
A3: LA1 | B3: 2018 | C3: 2061.3254 | D3: 1855.1929 | E3: 2226.2315
A4: LA1 | B4: 2019 | C4: 2061.3254 | D4: 1855.1929 | E4: 2226.2315
A5: LA1 | B5: 2020 | C5: 1822.7708 | D5: 1599.5744 | E5: 2008.7678
A6: LA1 | B6: 2021 | C6: 2136.314 | D6: 1854.1594 | E6: 2418.4687
A7: LA1 | B7: 2022 | C7: 2030.584 | D7: 1712.061 | E7: 2349.107
A8: NYC1 | B8: 2017 | C8: 1214.3975 | D8: 982.61578 | E8: 1446.1792
A9: NYC1 | B9: 2018 | C9: 1214.3975 | D9: 982.61578 | E9: 1446.1792
A10: NYC1 | B10: 2019 | C10: 1214.3975 | D10: =C10-(C16-D16)/C16*C10 -> 982.61578 | E10: =C10+(C16-D16)/C16*C10 -> 1446.1792
A11: NYC1 | B11: 2020 | C11: 1170.1379 | D11: =C11-(C17-D17)/C17*C11 -> 994.27546 | E11: =C11+(C17-D17)/C17*C11 -> 1346.0004
A12: NYC1 | B12: 2021 | C12: 1207.7397 | D12: =C12-(C18-D18)/C18*C12 -> 1020.6251 | E12: =C12+(C18-D18)/C18*C12 -> 1394.8543
A13: NYC1 | B13: 2022 | C13: 1434.7719 | D13: =C13-(C19-D19)/C19*C13 -> 1184.3636 | E13: =C13+(C19-D19)/C19*C13 -> 1685.1802
A14: MIA1 | B14: 2017 | C14: 2101 | D14: 1700 | E14: 2500
A15: MIA1 | B15: 2018 | C15: 2101 | D15: 1700 | E15: 2500
A16: MIA1 | B16: 2019 | C16: 2101 | D16: 1700 | E16: 2500
A17: MIA1 | B17: 2020 | C17: 1883 | D17: 1600 | E17: 2250
A18: MIA1 | B18: 2021 | C18: 1775 | D18: 1500 | E18: 2100
A19: MIA1 | B19: 2022 | C19: 1696 | D19: 1400 | E19: 2100
A20: SFA
A21: SFA
A22: SFA
A23: SFA
A24: SFA
A25: SFA
A26: LOR
A27: LOR | B27: 2017
A28: LOR | B28: 2018
A29: LOR | B29: 2019
A30: LOR | B30: 2020
A31: LOR | B31: 2021
A32: SAC | B32: 2022
A33: SAC
A34: SAC
A35: SAC
A36: SAC
A37: SAC
A38: SDI
A39: SDI
A40: SDI
A41: SDI
A42: SDI
A43: SDI
A44: DUV
... A97: ORL
A98: BAL | B98: 2017
A99: BAL | B99: 2018
A100: BAL | B100: 2019
A101: BAL | B101: 2020
A102: BAL | B102: 2021
A103: BAL | B103: 2022
A104: SUF
A105: SUF
A106: SUF
A107: SUF
A108: SUF
A109: SUF
A110: WAY
A111: WAY
A112: WAY
A113: WAY
A114: WAY
A115: WAY
... A121: CLA
A122: NYC | B122: 2017
A123: NYC | B123: 2018
A124: NYC | B124: 2019
A125: NYC | B125: 2020
A126: NYC | B126: 2021
A127: NYC | B127: 2022
A128: NJE
A129: NJE
A130: NJE
A131: NJE
A132: NJE
A133: NJE
A134: MEC
A135: MEC
A136: MEC
A137: MEC
A138: MEC
A139: MEC
... A157: HAM
A158: PHI | B158: 2017
A159: PHI | B159: 2018
A160: PHI | B160: 2019
A161: PHI | B161: 2020
A162: PHI | B162: 2021
A163: PHI | B163: 2022
A164: SHE | B164: 2017
A165: SHE | B165: 2018
A166: SHE | B166: 2019
A167: SHE | B167: 2020
A168: SHE | B168: 2021
A169: SHE | B169: 2022
A170: BEX
A171: BEX
A172: BEX
A173: BEX
A174: BEX
...

Sheet obs.inc.msm
A1: city | B1: year | C1: value | D1: low | E1: high
A2: LA1 | B2: 2017 | C2: 1732.8778 | D2: 1559.59 | E2: 1871.508
A3: LA1 | B3: 2018 | C3: 1732.8778 | D3: 1559.59 | E3: 1871.508
A4: LA1 | B4: 2019 | C4: 1732.8778 | D4: 1559.59 | E4: 1871.508
A5: LA1 | B5: 2020 | C5: 1497.1297 | D5: 1313.8077 | E5: 1649.8981
A6: LA1 | B6: 2021 | C6: 1789.2264 | D6: 1552.9135 | E6: 2025.5394
A7: LA1 | B7: 2022 | C7: 1706.8968 | D7: 1439.1483 | E7: 1974.6454
A8: NYC1 | B8: 2017 | C8: 728.84556 | D8: 572.76665 | E8: 884.92447
A9: NYC1 | B9: 2018 | C9: 728.84556 | D9: 572.76665 | E9: 884.92447
A10: NYC1 | B10: 2019 | C10: 728.84556 | D10: =C10-(C16-D16)/C16*C10 -> 572.76665 | E10: =C10+(C16-D16)/C16*C10 -> 884.92447
A11: NYC1 | B11: 2020 | C11: 740.39701 | D11: =C11-(C17-D17)/C17*C11 -> 594.59257 | E11: =C11+(C17-D17)/C17*C11 -> 886.20145
A12: NYC1 | B12: 2021 | C12: 830.1312 | D12: =C12-(C18-D18)/C18*C12 -> 688.2847 | E12: =C12+(C18-D18)/C18*C12 -> 971.9777
A13: NYC1 | B13: 2022 | C13: 991.12532 | D13: =C13-(C19-D19)/C19*C13 -> 731.03187 | E13: =C13+(C19-D19)/C19*C13 -> 1251.2188
A14: MIA1 | B14: 2017 | C14: 1527 | D14: 1200 | E14: 1750
A15: MIA1 | B15: 2018 | C15: 1527 | D15: 1200 | E15: 1750
A16: MIA1 | B16: 2019 | C16: 1527 | D16: 1200 | E16: 1750
A17: MIA1 | B17: 2020 | C17: 1432 | D17: 1150 | E17: 1650
A18: MIA1 | B18: 2021 | C18: 1387 | D18: 1150 | E18: 1625
A19: MIA1 | B19: 2022 | C19: 1288 | D19: 950 | E19: 1625
A20: SFA
A21: SFA
A22: SFA
A23: SFA
A24: SFA
A25: SFA
A26: LOR
A27: LOR | B27: 2017
A28: LOR | B28: 2018
A29: LOR | B29: 2019
A30: LOR | B30: 2020
A31: LOR | B31: 2021
A32: SAC | B32: 2022
A33: SAC
A34: SAC
A35: SAC
A36: SAC
A37: SAC
A38: SDI
A39: SDI
A40: SDI
A41: SDI
A42: SDI
A43: SDI
A44: DUV
... A97: ORL
A98: BAL | B98: 2017
A99: BAL | B99: 2018
A100: BAL | B100: 2019
A101: BAL | B101: 2020
A102: BAL | B102: 2021
A103: BAL | B103: 2022
A104: SUF
A105: SUF
A106: SUF
A107: SUF
A108: SUF
A109: SUF
A110: WAY
A111: WAY
A112: WAY
A113: WAY
A114: WAY
A115: WAY
... A121: CLA
A122: NYC | B122: 2017
A123: NYC | B123: 2018
A124: NYC | B124: 2019
A125: NYC | B125: 2020
A126: NYC | B126: 2021
A127: NYC | B127: 2022
A128: NJE
A129: NJE
A130: NJE
A131: NJE
A132: NJE
A133: NJE
A134: MEC
A135: MEC
A136: MEC
A137: MEC
A138: MEC
A139: MEC
... A157: HAM
A158: PHI | B158: 2017
A159: PHI | B159: 2018
A160: PHI | B160: 2019
A161: PHI | B161: 2020
A162: PHI | B162: 2021
A163: PHI | B163: 2022
A164: SHE | B164: 2017
A165: SHE | B165: 2018
A166: SHE | B166: 2019
A167: SHE | B167: 2020
A168: SHE | B168: 2021
A169: SHE | B169: 2022
A170: BEX
A171: BEX
A172: BEX
A173: BEX
A174: BEX
...

Sheet notes
P1: Code
A2: all data from atlas plus (new diagnoses, hiv perevalence, viral suppression, mortality) | P2: MAR
A3: late diagnoses is collected thorugh local surveillance reports… | P3: SFA
A4: age assumption <15 is 0 in example tab (atlas plus bin is 13-24) | P4: LOR
A5: 13-24 included in 15-64 | P5: SAC
A6: suppressed data assume = 4 | P6: SDI
A7: if data is suppressed, add up risk/age/sex and compare to total. | P7: DUV
A8: From total, adjust risk/sex/age in suppressed cells to fit total | P8: TAM
A9: for race consider that "other races" are included in total through white (see yellow box below) | P9: BMP
P10: ORF
A11: Steps for transformation (example tab) | P11: ATL
A12: step 1 input raw data | P12: COO
A13: make sure total from "example step 1 15-64" adds up to summed up data from step 4 | P13: MIN
A14: in the actual triangulation, make sure risk columns add up to the sum of race columns | P14: EBR
A15: make sure that sex risk groups adds up to the 15-64 raw data in example step 1 | P15: ORL
P16: BAL
P17: SUF
A18: VERY IMPORTANT | P18: WAY
A19: the example sheet has formulas in step 1 to calculate female, heterosexual and white to fit the model. DO NOT PUT THE RAW DATA IN THOSE CELLS | P19: CLA
A20: adjust female count = total - male | P20: NYC
A21: het adjust formula = total - msm - mwid - pwid | P21: NJE
A22: adjusted white = total - black - hispanic | P22: MEC
A23: total = sum of less than 15, 15-64, and 65+ | P23: CUY
P24: FRA
P25: HAM
P26: PHI
A27: the example sheet has formulas in step 1 to calculate female, heterosexual and white to fit the model | P27: SHE
A28: DO NOT PUT THE RAW DATA IN THOSE CELLS | P28: BEX
P29: DFW
A30: •For jurisdictions where multiple counties are added (e.g. NYC has 5 boroughs included) add all the data in step 1 (from raw data) | P30: HAR
P31: TRV
A32: For new diagnoses: Once the data is transformed and is being copy-pasted into the finalized table, make sure the sum of race groups equal the sum of risk groups in the final table. As the data transformation final counts are rounded, adjustments may need to be made if they are not equal. Make adjustments in the MWID columns. Usually these adjustments are minor (+ - 5). Adjustments can happen in either MWID column, and follows an overall trend. You can “eyeball it” for the adjustments. In the model, MWID counts are added into MSM (the largest risk group), so minor manual adjustments are not a big issue as long as the sum of race groups = sum of risk groups. | P32: KIN
P33: DCM
